fizzbuzz,id,first_name,last_name,email,phone_number,age,registration_date,created_at,updated_at
67,1,Casey,Rolfson,dashawn.steuber@swaniawski.co,(449) 792-1087,67,2018-03-23 13:49:16.035105,2018-04-23 13:49:16.042023,2018-04-23 13:49:16.042023
fizz,2,Susan,Lockman,jeffery_flatley@botsford.biz,(554) 392-4646,21,2018-01-16 13:49:16.044645,2018-04-23 13:49:16.045344,2018-04-23 13:49:16.045344
fizz,3,Rosemarie,Kreiger,nestor@schamberger.io,1-635-736-5203 x944,18,2018-03-22 13:49:16.0471,2018-04-23 13:49:16.047756,2018-04-23 13:49:16.047756
61,4,Delta,Hamill,laurel_howe@brekkedaniel.net,(457) 121-5464,61,2018-04-23 13:49:16.049507,2018-04-23 13:49:16.050099,2018-04-23 13:49:16.050099
buzz,5,Sarah,McDermott,kieran_schoen@schulist.co,458.396.0532 x3538,50,2018-01-29 13:49:16.051875,2018-04-23 13:49:16.052518,2018-04-23 13:49:16.052518
22,6,Layla,Wehner,sydni@kuvalis.org,1-443-914-1452 x26732,22,2018-03-20 13:49:16.054367,2018-04-23 13:49:16.055008,2018-04-23 13:49:16.055008
23,7,Marilou,Hane,winfield_labadie@ernser.name,706-599-4131,23,2018-03-20 13:49:16.056823,2018-04-23 13:49:16.057428,2018-04-23 13:49:16.057428
31,8,Paige,McKenzie,clinton@hackettstark.com,619-813-6217 x580,31,2018-02-10 13:49:16.059005,2018-04-23 13:49:16.059754,2018-04-23 13:49:16.059754
buzz,9,Holly,Hickle,christ@thiel.biz,418-650-5670,65,2018-04-07 13:49:16.061597,2018-04-23 13:49:16.06224,2018-04-23 13:49:16.06224
32,10,Cayla,Nicolas,freddie@langoshdach.com,(290) 533-0894 x95134,32,2018-03-07 13:49:16.064037,2018-04-23 13:49:16.064744,2018-04-23 13:49:16.064744
fizzbuzz,11,Jordyn,Quigley,domenic_graham@turner.co,138.767.5636 x03226,45,2018-01-14 13:49:16.066618,2018-04-23 13:49:16.067363,2018-04-23 13:49:16.067363
44,12,Easter,Schneider,marcellus@ebertboyle.com,(437) 042-4902,44,2018-03-18 13:49:16.069306,2018-04-23 13:49:16.070001,2018-04-23 13:49:16.070001
buzz,13,Mustafa,Kulas,nicola@schiller.io,(901) 961-1936,50,2018-01-25 13:49:16.071691,2018-04-23 13:49:16.072299,2018-04-23 13:49:16.072299
22,14,Jayson,Collier,emmy@klockoemmerich.net,827-366-6718 x60874,22,2018-04-08 13:49:16.074008,2018-04-23 13:49:16.074589,2018-04-23 13:49:16.074589
37,15,Rebecca,Rohan,ervin@torphy.com,1-678-766-8720,37,2018-01-31 13:49:16.076219,2018-04-23 13:49:16.076828,2018-04-23 13:49:16.076828
buzz,16,Damien,Leuschke,maci@feeneywolf.com,225-070-8017 x103,55,2018-03-23 13:49:16.078659,2018-04-23 13:49:16.07924,2018-04-23 13:49:16.07924
43,17,Finn,Bode,jerad@wolffbalistreri.info,1-412-589-5534,43,2018-03-21 13:49:16.080873,2018-04-23 13:49:16.081479,2018-04-23 13:49:16.081479
68,18,Princess,Ebert,eve@criststanton.com,(420) 160-7841 x88774,68,2018-01-14 13:49:16.083308,2018-04-23 13:49:16.083932,2018-04-23 13:49:16.083932
buzz,19,Brian,Simonis,hudson@kihnmccullough.org,952-468-8750 x67454,40,2018-03-12 13:49:16.085981,2018-04-23 13:49:16.086625,2018-04-23 13:49:16.086625
58,20,Brandy,Heidenreich,oliver_lemke@bayer.io,255-597-1464 x50520,58,2018-02-09 13:49:16.088851,2018-04-23 13:49:16.089585,2018-04-23 13:49:16.089585
fizz,21,Santino,Padberg,rubye.goldner@wolff.biz,1-681-642-4031 x884,39,2018-01-23 13:49:16.091527,2018-04-23 13:49:16.092191,2018-04-23 13:49:16.092191
fizz,22,Rhett,Bednar,xander@macejkovic.org,1-191-408-7626 x664,63,2018-03-08 13:49:16.093838,2018-04-23 13:49:16.094474,2018-04-23 13:49:16.094474
fizz,23,Hanna,Prohaska,shanny_hahn@daviswelch.info,460-171-0899,36,2018-04-03 13:49:16.096135,2018-04-23 13:49:16.096729,2018-04-23 13:49:16.096729
buzz,24,Alexis,Stark,wava_kling@hamill.co,(627) 402-1724 x57585,20,2018-03-22 13:49:16.098472,2018-04-23 13:49:16.09909,2018-04-23 13:49:16.09909
17,25,Josianne,Glover,milton@damorehintz.net,801.051.1819 x35720,17,2018-01-14 13:49:16.100763,2018-04-23 13:49:16.101382,2018-04-23 13:49:16.101382
fizz,26,Dortha,Parisian,pablo@effertz.biz,(779) 904-8013,66,2018-02-07 13:49:16.103402,2018-04-23 13:49:16.104071,2018-04-23 13:49:16.104071
68,27,Kianna,Rice,emmy@prosacco.net,154.795.2490,68,2018-02-17 13:49:16.106,2018-04-23 13:49:16.106736,2018-04-23 13:49:16.106736
fizzbuzz,28,Eladio,Rempel,eleanore@bechtelar.com,1-128-156-3353 x5407,15,2018-02-14 13:49:16.108612,2018-04-23 13:49:16.109204,2018-04-23 13:49:16.109204
16,29,Torrance,Feeney,abbigail@gulgowski.info,1-235-128-8072 x5586,16,2018-03-09 13:49:16.111043,2018-04-23 13:49:16.11162,2018-04-23 13:49:16.11162
38,30,Maude,Nienow,keegan@wisoky.net,1-766-534-5420 x51824,38,2018-03-01 13:49:16.113292,2018-04-23 13:49:16.113899,2018-04-23 13:49:16.113899
44,31,Johnathan,Kuphal,vaughn@jacobsonboehm.co,(836) 305-8550,44,2018-04-12 13:49:16.115651,2018-04-23 13:49:16.116353,2018-04-23 13:49:16.116353
fizz,32,Lexi,Altenwerth,sim@kunde.co,(890) 343-0525 x20954,36,2018-04-02 13:49:16.118307,2018-04-23 13:49:16.119073,2018-04-23 13:49:16.119073
buzz,33,Haleigh,Koepp,howard.dibbert@hodkiewicz.org,(300) 684-0791,20,2018-02-08 13:49:16.121135,2018-04-23 13:49:16.12189,2018-04-23 13:49:16.12189
fizz,34,Effie,Stanton,juwan@ohara.biz,397.778.7744,21,2018-03-20 13:49:16.124103,2018-04-23 13:49:16.124962,2018-04-23 13:49:16.124962
fizz,35,Lenny,Shields,jody_eichmann@reillyokuneva.com,(785) 369-7298 x82499,72,2018-03-08 13:49:16.127157,2018-04-23 13:49:16.128035,2018-04-23 13:49:16.128035
fizz,36,Jess,Turner,idell@toyprohaska.org,333-522-7702,21,2018-02-13 13:49:16.130286,2018-04-23 13:49:16.13141,2018-04-23 13:49:16.13141
fizz,37,Brycen,Kemmer,otto.towne@grant.com,318-075-0481,63,2018-03-19 13:49:16.133434,2018-04-23 13:49:16.134207,2018-04-23 13:49:16.134207
38,38,Fred,Legros,april_murray@runolfsdottir.com,916-234-5619 x3307,38,2018-03-30 13:49:16.136004,2018-04-23 13:49:16.136674,2018-04-23 13:49:16.136674
fizz,39,Jamey,Collins,etha.lehner@turcotte.info,1-764-611-2287,33,2018-02-02 13:49:16.138364,2018-04-23 13:49:16.138978,2018-04-23 13:49:16.138978
49,40,Scarlett,Ankunding,winston.runolfon@watsicalarkin.info,837.296.9695 x915,49,2018-03-09 13:49:16.1407,2018-04-23 13:49:16.141333,2018-04-23 13:49:16.141333
64,41,Chet,Lind,fanny.rodriguez@schillerfeil.info,399-487-0086,64,2018-01-28 13:49:16.143128,2018-04-23 13:49:16.143764,2018-04-23 13:49:16.143764
buzz,42,Dennis,Lang,phoebe@lefflerjaskolski.name,621.976.4264,35,2018-02-17 13:49:16.145528,2018-04-23 13:49:16.146161,2018-04-23 13:49:16.146161
26,43,Waldo,Mann,amelie_white@kingharber.biz,705-317-5837 x304,26,2018-04-01 13:49:16.147951,2018-04-23 13:49:16.148534,2018-04-23 13:49:16.148534
fizz,44,Estefania,Schinner,rosemarie.trantow@homenickmcclure.org,922-578-9627 x2841,36,2018-01-17 13:49:16.150154,2018-04-23 13:49:16.150736,2018-04-23 13:49:16.150736
31,45,Caitlyn,Kihn,miguel.cormier@oreilly.org,709-329-8856 x503,31,2018-01-18 13:49:16.152478,2018-04-23 13:49:16.153106,2018-04-23 13:49:16.153106
16,46,Jefferey,Schinner,kailee@stehr.com,702.896.8863 x9088,16,2018-01-15 13:49:16.154751,2018-04-23 13:49:16.155332,2018-04-23 13:49:16.155332
56,47,Anita,Murazik,etha@kunde.org,(239) 359-6689,56,2018-02-24 13:49:16.15725,2018-04-23 13:49:16.157895,2018-04-23 13:49:16.157895
fizz,48,Chase,Kling,vickie_bogan@gislasonbailey.info,517-282-4499 x7421,57,2018-02-28 13:49:16.159685,2018-04-23 13:49:16.160381,2018-04-23 13:49:16.160381
28,49,Kim,Macejkovic,edison.greenfelder@baumbachhodkiewicz.com,(751) 370-6811 x92087,28,2018-01-16 13:49:16.162248,2018-04-23 13:49:16.16296,2018-04-23 13:49:16.16296
67,50,Louisa,Fadel,macy_klein@roberts.name,1-659-401-1754,67,2018-03-28 13:49:16.164915,2018-04-23 13:49:16.165587,2018-04-23 13:49:16.165587
67,51,Layne,Hayes,marlee@bashiriancollins.biz,(687) 184-9695 x7445,67,2018-01-20 13:49:16.167581,2018-04-23 13:49:16.168407,2018-04-23 13:49:16.168407
fizzbuzz,52,Arturo,Senger,romaine@donnelly.co,466.569.5352 x362,60,2018-03-21 13:49:16.170282,2018-04-23 13:49:16.170952,2018-04-23 13:49:16.170952
37,53,Alexys,Krajcik,aylin@cremin.biz,881.891.6025 x489,37,2018-03-13 13:49:16.173024,2018-04-23 13:49:16.173676,2018-04-23 13:49:16.173676
28,54,Bessie,Zboncak,jalen@doylebogan.io,1-219-834-2599 x970,28,2018-02-05 13:49:16.175693,2018-04-23 13:49:16.176326,2018-04-23 13:49:16.176326
64,55,Tristin,Rath,emmy_gleichner@stromanupton.io,(147) 470-5627 x84307,64,2018-04-14 13:49:16.17836,2018-04-23 13:49:16.179085,2018-04-23 13:49:16.179085
29,56,Ara,Grant,kaden.herzog@handmuller.name,1-857-601-8516,29,2018-04-23 13:49:16.181396,2018-04-23 13:49:16.182068,2018-04-23 13:49:16.182068
41,57,Kaci,Rempel,cayla@berge.net,(123) 604-4158 x353,41,2018-04-09 13:49:16.183894,2018-04-23 13:49:16.184675,2018-04-23 13:49:16.184675
56,58,Noemie,Flatley,waldo_larson@grimechaefer.net,926.487.6007,56,2018-04-20 13:49:16.187021,2018-04-23 13:49:16.188029,2018-04-23 13:49:16.188029
fizz,59,Chaya,Predovic,jordon@kelerhartmann.org,177-981-1234 x82676,57,2018-02-01 13:49:16.189831,2018-04-23 13:49:16.190488,2018-04-23 13:49:16.190488
buzz,60,Bradford,Casper,ollie.armstrong@satterfield.io,(986) 338-8250 x756,25,2018-02-22 13:49:16.192329,2018-04-23 13:49:16.192924,2018-04-23 13:49:16.192924
28,61,Manley,Walter,idell_daugherty@kelerkautzer.com,(754) 784-2163 x88620,28,2018-04-21 13:49:16.194545,2018-04-23 13:49:16.195156,2018-04-23 13:49:16.195156
fizz,62,Emilie,Harvey,angel.oconnell@wittingschinner.com,1-668-274-7966,48,2018-02-06 13:49:16.196741,2018-04-23 13:49:16.197328,2018-04-23 13:49:16.197328
fizz,63,Yoshiko,Hills,isaac@dibbert.org,(149) 877-4729 x43816,51,2018-04-16 13:49:16.198957,2018-04-23 13:49:16.199626,2018-04-23 13:49:16.199626
26,64,Monty,Shields,elian_jaskolski@ernserlind.org,1-855-174-3440 x3143,26,2018-03-22 13:49:16.201368,2018-04-23 13:49:16.202097,2018-04-23 13:49:16.202097
61,65,Marcos,Hettinger,lilliana.jakubowski@nitzscheullrich.com,455.152.4463,61,2018-02-22 13:49:16.203827,2018-04-23 13:49:16.2045,2018-04-23 13:49:16.2045
37,66,Oceane,Halvorson,rigoberto@fahey.org,984.263.1075,37,2018-02-19 13:49:16.206201,2018-04-23 13:49:16.206844,2018-04-23 13:49:16.206844
46,67,Luigi,Steuber,tremaine@pfannerstill.org,204-110-3956 x827,46,2018-02-09 13:49:16.208699,2018-04-23 13:49:16.209364,2018-04-23 13:49:16.209364
fizzbuzz,68,Jerald,Yost,tad@goyette.io,1-664-330-7132 x56338,60,2018-03-19 13:49:16.211148,2018-04-23 13:49:16.211798,2018-04-23 13:49:16.211798
46,69,Samantha,Wunsch,meta.bartell@stark.io,1-852-492-2719,46,2018-04-07 13:49:16.213963,2018-04-23 13:49:16.214602,2018-04-23 13:49:16.214602
fizz,70,Domenick,Hammes,gielle_streich@champlinshields.com,1-813-153-6513,21,2018-03-30 13:49:16.216264,2018-04-23 13:49:16.21693,2018-04-23 13:49:16.21693
fizzbuzz,71,Julia,Senger,joey@tremblay.info,1-886-060-6338,45,2018-04-14 13:49:16.218788,2018-04-23 13:49:16.219502,2018-04-23 13:49:16.219502
46,72,Camden,Schiller,marguerite@mueller.org,(626) 394-2180 x51690,46,2018-02-17 13:49:16.221225,2018-04-23 13:49:16.221859,2018-04-23 13:49:16.221859
56,73,Enrique,Hand,dario.balistreri@medhurstmarquardt.org,755.497.4310,56,2018-03-27 13:49:16.223473,2018-04-23 13:49:16.224073,2018-04-23 13:49:16.224073
fizz,74,Chaz,Zboncak,colten_haley@wolfbeatty.co,994-637-8708,39,2018-03-06 13:49:16.225665,2018-04-23 13:49:16.226314,2018-04-23 13:49:16.226314
64,75,Waino,Greenholt,keaton_trantow@bode.biz,1-925-667-0876,64,2018-02-18 13:49:16.228146,2018-04-23 13:49:16.228779,2018-04-23 13:49:16.228779
buzz,76,Eula,Barton,kaden@kilbackemmerich.info,1-434-336-6409,70,2018-03-29 13:49:16.2306,2018-04-23 13:49:16.231229,2018-04-23 13:49:16.231229
16,77,Eliza,Schinner,rodolfo@wolfkilback.info,389-268-6605 x50843,16,2018-02-10 13:49:16.232913,2018-04-23 13:49:16.233518,2018-04-23 13:49:16.233518
fizz,78,Scottie,Bashirian,montana_bradtke@hayesfriesen.name,1-493-342-1552,57,2018-02-04 13:49:16.235555,2018-04-23 13:49:16.236313,2018-04-23 13:49:16.236313
28,79,Gilbert,Osinski,else@gibson.info,959-166-8201,28,2018-03-07 13:49:16.238188,2018-04-23 13:49:16.238795,2018-04-23 13:49:16.238795
buzz,80,Janessa,Herzog,scarlett.ko@pfannerstill.co,970.674.5802 x41218,70,2018-03-18 13:49:16.240521,2018-04-23 13:49:16.241109,2018-04-23 13:49:16.241109
43,81,Eliseo,Grady,ed.macejkovic@wiegand.io,1-240-735-1588,43,2018-02-25 13:49:16.242934,2018-04-23 13:49:16.243529,2018-04-23 13:49:16.243529
fizz,82,Tyra,Kuphal,dayana@nikolauswaters.io,1-680-659-0141 x001,42,2018-02-14 13:49:16.245426,2018-04-23 13:49:16.246057,2018-04-23 13:49:16.246057
26,83,Roosevelt,Schinner,jameson.johns@fisherupton.name,691.852.1970 x6784,26,2018-02-15 13:49:16.247915,2018-04-23 13:49:16.248558,2018-04-23 13:49:16.248558
41,84,Roma,Swift,carrie@zboncakcasper.biz,(982) 256-0017,41,2018-02-08 13:49:16.250218,2018-04-23 13:49:16.250793,2018-04-23 13:49:16.250793
68,85,Maymie,Huel,tyson_harris@shanahan.info,(508) 313-7391 x87696,68,2018-04-18 13:49:16.252575,2018-04-23 13:49:16.253208,2018-04-23 13:49:16.253208
44,86,Kacie,Hane,uriel@rodriguez.com,707.275.7148 x3858,44,2018-03-23 13:49:16.255021,2018-04-23 13:49:16.255664,2018-04-23 13:49:16.255664
buzz,87,Doyle,Schaefer,erin@ryan.info,1-629-667-0354 x5155,70,2018-02-02 13:49:16.257481,2018-04-23 13:49:16.2581,2018-04-23 13:49:16.2581
59,88,Deon,Pacocha,merl.breitenberg@wiegand.name,(673) 128-8795,59,2018-02-19 13:49:16.260066,2018-04-23 13:49:16.260865,2018-04-23 13:49:16.260865
22,89,Kaley,Gleason,alexzander_kovacek@towne.name,(596) 276-7233 x9370,22,2018-01-22 13:49:16.262759,2018-04-23 13:49:16.263381,2018-04-23 13:49:16.263381
47,90,Dora,Frami,helen@prosaccostrosin.biz,(742) 606-2196 x0665,47,2018-02-03 13:49:16.265242,2018-04-23 13:49:16.265828,2018-04-23 13:49:16.265828
28,91,Blair,Cole,bonita@considine.com,1-687-777-4137 x736,28,2018-01-30 13:49:16.267456,2018-04-23 13:49:16.268039,2018-04-23 13:49:16.268039
fizz,92,Jolie,Runolfsdottir,wilton@dickibrown.biz,407.713.9053 x47852,54,2018-04-12 13:49:16.269726,2018-04-23 13:49:16.270413,2018-04-23 13:49:16.270413
fizzbuzz,93,Marlon,Eichmann,amelia@upton.org,147-328-7149 x128,30,2018-03-07 13:49:16.272249,2018-04-23 13:49:16.272907,2018-04-23 13:49:16.272907
26,94,Keenan,Gusikowski,alyon@casper.name,969-666-9649 x357,26,2018-04-18 13:49:16.274609,2018-04-23 13:49:16.275189,2018-04-23 13:49:16.275189
49,95,Ken,Auer,rogelio.schmidt@lakin.org,(514) 650-0220 x3429,49,2018-03-26 13:49:16.276831,2018-04-23 13:49:16.277409,2018-04-23 13:49:16.277409
73,96,Brennan,Ankunding,osvaldo_olson@rempel.co,(526) 245-5642 x42574,73,2018-03-12 13:49:16.279131,2018-04-23 13:49:16.279814,2018-04-23 13:49:16.279814
64,97,Alayna,Kihn,brittany@kovacek.com,1-358-120-6013,64,2018-03-13 13:49:16.281683,2018-04-23 13:49:16.282398,2018-04-23 13:49:16.282398
44,98,Kaylin,Fahey,ben_little@hane.org,1-443-067-7232 x767,44,2018-04-02 13:49:16.284157,2018-04-23 13:49:16.284841,2018-04-23 13:49:16.284841
28,99,Dessie,Pouros,dexter_bashirian@rau.biz,1-123-250-3742,28,2018-01-25 13:49:16.28678,2018-04-23 13:49:16.287554,2018-04-23 13:49:16.287554
29,100,Aubree,Lowe,elva@konopelskisanford.info,819-579-0727 x6589,29,2018-03-03 13:49:16.289397,2018-04-23 13:49:16.290046,2018-04-23 13:49:16.290046
fizzbuzz,101,Annabell,Wilderman,kaci@hamill.org,(308) 297-7685,15,2018-01-20 13:49:16.29188,2018-04-23 13:49:16.2925,2018-04-23 13:49:16.2925
43,102,Ayden,Howe,izabella_hilll@keler.biz,309.296.4614 x09610,43,2018-03-06 13:49:16.294134,2018-04-23 13:49:16.294717,2018-04-23 13:49:16.294717
56,103,Samantha,Upton,neil_kulas@herzog.name,(564) 759-9517,56,2018-03-12 13:49:16.296394,2018-04-23 13:49:16.297021,2018-04-23 13:49:16.297021
fizz,104,Rollin,Ledner,amelia_ullrich@lehner.net,342.898.9093,72,2018-03-05 13:49:16.298688,2018-04-23 13:49:16.299311,2018-04-23 13:49:16.299311
buzz,105,Reynold,Jenkins,curt@rau.io,384.620.1078 x7184,50,2018-03-16 13:49:16.30098,2018-04-23 13:49:16.301583,2018-04-23 13:49:16.301583
fizz,106,Jessica,Gutmann,wilfred_turner@ortiz.net,875-175-5598 x98757,51,2018-02-03 13:49:16.303558,2018-04-23 13:49:16.304221,2018-04-23 13:49:16.304221
fizz,107,Jeff,Ritchie,euna.bernhard@goldner.com,598.409.3243 x041,21,2018-02-23 13:49:16.30599,2018-04-23 13:49:16.306618,2018-04-23 13:49:16.306618
fizz,108,Sam,Aufderhar,claudie@grant.info,134.947.6531,24,2018-01-22 13:49:16.308375,2018-04-23 13:49:16.309006,2018-04-23 13:49:16.309006
28,109,Edmond,Kuphal,hyman@skiles.org,897.123.3467 x051,28,2018-03-08 13:49:16.310692,2018-04-23 13:49:16.311368,2018-04-23 13:49:16.311368
17,110,Duncan,Harber,rod.bechtelar@fadel.io,326-854-8507 x58993,17,2018-04-01 13:49:16.313286,2018-04-23 13:49:16.31395,2018-04-23 13:49:16.31395
47,111,Athena,Bashirian,sigurd.abbott@ziemewilderman.biz,879-087-8586,47,2018-01-18 13:49:16.315693,2018-04-23 13:49:16.316357,2018-04-23 13:49:16.316357
68,112,Kevon,Howell,rosario@beerwilliamson.biz,521.773.7043,68,2018-03-09 13:49:16.318316,2018-04-23 13:49:16.319004,2018-04-23 13:49:16.319004
fizz,113,Virginie,Wisoky,andreane@kunde.org,408.294.4022,21,2018-02-18 13:49:16.320923,2018-04-23 13:49:16.321555,2018-04-23 13:49:16.321555
64,114,Euna,Kuvalis,stephon.harvey@johns.com,(868) 199-2180 x343,64,2018-02-09 13:49:16.323279,2018-04-23 13:49:16.323885,2018-04-23 13:49:16.323885
16,115,Jaquelin,Crist,marquise@wiegand.name,(860) 366-4403 x17662,16,2018-04-15 13:49:16.325618,2018-04-23 13:49:16.326228,2018-04-23 13:49:16.326228
fizzbuzz,116,Reina,Shields,miller_jaskolski@kohlerrogahn.io,1-393-441-9884 x1674,45,2018-02-16 13:49:16.328089,2018-04-23 13:49:16.32879,2018-04-23 13:49:16.32879
46,117,Hosea,Gorczany,kaelyn.goodwin@yostschiller.com,1-625-936-9769 x114,46,2018-04-05 13:49:16.330611,2018-04-23 13:49:16.331299,2018-04-23 13:49:16.331299
buzz,118,Edison,Larson,orion.maggio@heidenreich.co,489-152-6426,20,2018-02-07 13:49:16.333145,2018-04-23 13:49:16.333894,2018-04-23 13:49:16.333894
fizz,119,Deven,Kessler,priscilla@mosciskichristiansen.name,(900) 325-5815 x547,42,2018-03-26 13:49:16.335783,2018-04-23 13:49:16.336457,2018-04-23 13:49:16.336457
fizz,120,Xander,Schumm,darby@bins.biz,1-643-426-2185 x41285,39,2018-02-09 13:49:16.338448,2018-04-23 13:49:16.339166,2018-04-23 13:49:16.339166
28,121,Juana,Bode,rosemarie@champlin.io,487-821-7627 x242,28,2018-03-05 13:49:16.341088,2018-04-23 13:49:16.341689,2018-04-23 13:49:16.341689
43,122,Athena,Bechtelar,terrence@oconner.co,252-936-7709,43,2018-04-12 13:49:16.343456,2018-04-23 13:49:16.344086,2018-04-23 13:49:16.344086
fizz,123,Felicity,Marquardt,lindsay@mohr.name,245-774-8448 x154,42,2018-04-14 13:49:16.345803,2018-04-23 13:49:16.346389,2018-04-23 13:49:16.346389
fizz,124,Alexandrea,Conroy,odell_rogahn@larsonsipes.name,317-492-8172,57,2018-04-16 13:49:16.348195,2018-04-23 13:49:16.348798,2018-04-23 13:49:16.348798
buzz,125,Natalia,Senger,peter@lang.org,1-101-039-2997 x5487,55,2018-04-10 13:49:16.350578,2018-04-23 13:49:16.351236,2018-04-23 13:49:16.351236
74,126,Frederique,Spinka,branson_swaniawski@vonrueden.io,1-986-784-7710 x02728,74,2018-03-17 13:49:16.353152,2018-04-23 13:49:16.353836,2018-04-23 13:49:16.353836
34,127,Idella,Roberts,chaim.west@luettgengislason.net,(337) 319-1564 x86767,34,2018-04-04 13:49:16.355569,2018-04-23 13:49:16.356179,2018-04-23 13:49:16.356179
19,128,Keegan,Beahan,kellie@bartolettistokes.info,663.677.8644,19,2018-04-19 13:49:16.35786,2018-04-23 13:49:16.358593,2018-04-23 13:49:16.358593
buzz,129,Duncan,Goldner,savanah@mayer.info,1-921-606-5409,70,2018-03-13 13:49:16.36053,2018-04-23 13:49:16.361167,2018-04-23 13:49:16.361167
buzz,130,Jaren,Walter,joesph@mcclure.name,348.566.9528,55,2018-03-18 13:49:16.362963,2018-04-23 13:49:16.363618,2018-04-23 13:49:16.363618
38,131,Roel,Pfannerstill,tianna.kub@rosenbaum.name,1-680-858-4130,38,2018-04-01 13:49:16.366315,2018-04-23 13:49:16.366969,2018-04-23 13:49:16.366969
32,132,Fabiola,Welch,imelda_murphy@okonosinski.io,696.511.8296 x8626,32,2018-04-17 13:49:16.368777,2018-04-23 13:49:16.369581,2018-04-23 13:49:16.369581
68,133,Amari,Christiansen,robin@okeefebogan.co,(686) 775-3779 x3748,68,2018-03-04 13:49:16.371433,2018-04-23 13:49:16.372067,2018-04-23 13:49:16.372067
fizz,134,Louisa,Treutel,justice@howellveum.co,(685) 704-6327,33,2018-02-07 13:49:16.373774,2018-04-23 13:49:16.374385,2018-04-23 13:49:16.374385
buzz,135,Harmon,Spencer,queenie_cain@lehner.io,1-105-492-8377 x4537,65,2018-03-17 13:49:16.376145,2018-04-23 13:49:16.377033,2018-04-23 13:49:16.377033
43,136,Maritza,Gutkowski,elinor.spinka@rutherford.net,(526) 030-5008 x204,43,2018-01-20 13:49:16.378726,2018-04-23 13:49:16.379337,2018-04-23 13:49:16.379337
68,137,Caleigh,Zboncak,audreanne.jerde@beckerkutch.io,(653) 480-1941 x64738,68,2018-04-20 13:49:16.381143,2018-04-23 13:49:16.38175,2018-04-23 13:49:16.38175
buzz,138,Bailee,Walsh,branson@bayerwilkinson.com,(129) 610-7318 x39248,20,2018-02-15 13:49:16.383492,2018-04-23 13:49:16.384172,2018-04-23 13:49:16.384172
fizzbuzz,139,Ed,Doyle,cheyenne_kuhn@blanda.info,1-786-559-5372,15,2018-04-13 13:49:16.386863,2018-04-23 13:49:16.387542,2018-04-23 13:49:16.387542
41,140,Casandra,Hane,nathan@zemlak.name,(377) 476-8742 x982,41,2018-04-04 13:49:16.389375,2018-04-23 13:49:16.390039,2018-04-23 13:49:16.390039
44,141,Ewald,Ziemann,ethel.schultz@wolffthiel.net,524.255.8390 x642,44,2018-01-20 13:49:16.391934,2018-04-23 13:49:16.392608,2018-04-23 13:49:16.392608
59,142,Marc,Bergstrom,kian@bergnaum.org,336.242.1440,59,2018-02-24 13:49:16.394451,2018-04-23 13:49:16.395137,2018-04-23 13:49:16.395137
fizz,143,Arnaldo,McCullough,amari.koepp@eichmann.io,(893) 095-5018 x9874,27,2018-03-19 13:49:16.397061,2018-04-23 13:49:16.397716,2018-04-23 13:49:16.397716
fizz,144,Anissa,Weimann,koby@macgyver.net,463.062.6651 x608,57,2018-02-28 13:49:16.399536,2018-04-23 13:49:16.400201,2018-04-23 13:49:16.400201
59,145,Whitney,Senger,efren_rice@klocko.biz,560-692-8232 x9874,59,2018-04-01 13:49:16.40286,2018-04-23 13:49:16.403607,2018-04-23 13:49:16.403607
23,146,Annette,Waters,libbie.hintz@padberg.com,(946) 659-2152 x8168,23,2018-04-06 13:49:16.405457,2018-04-23 13:49:16.406094,2018-04-23 13:49:16.406094
68,147,Gia,Murray,maci.roberts@corwin.org,1-533-757-0860 x923,68,2018-02-07 13:49:16.407877,2018-04-23 13:49:16.408504,2018-04-23 13:49:16.408504
62,148,Katherine,West,iliana.kunze@stiedemanntorphy.net,1-465-997-4246 x9972,62,2018-03-01 13:49:16.410236,2018-04-23 13:49:16.410873,2018-04-23 13:49:16.410873
59,149,Barry,Kilback,malachi.hegmann@daughertygrant.co,(547) 988-5045 x4239,59,2018-02-10 13:49:16.4128,2018-04-23 13:49:16.413455,2018-04-23 13:49:16.413455
fizz,150,Carmine,Langworth,tyson_hintz@stromanwilliamson.name,915-286-8087,66,2018-03-15 13:49:16.415755,2018-04-23 13:49:16.416462,2018-04-23 13:49:16.416462
buzz,151,Eryn,Crona,phoebe.hagenes@cruickshank.biz,245-678-0182,25,2018-03-04 13:49:16.41852,2018-04-23 13:49:16.419213,2018-04-23 13:49:16.419213
fizz,152,Pedro,Mertz,maci_schinner@langworth.co,1-857-951-6348,69,2018-03-31 13:49:16.421006,2018-04-23 13:49:16.421649,2018-04-23 13:49:16.421649
fizzbuzz,153,Royal,Kohler,ahmad_bogan@daugherty.biz,1-891-227-4635 x270,15,2018-03-22 13:49:16.423416,2018-04-23 13:49:16.424064,2018-04-23 13:49:16.424064
62,154,Dameon,Friesen,brandi.schamberger@langworth.org,1-915-314-1190,62,2018-01-22 13:49:16.425864,2018-04-23 13:49:16.426492,2018-04-23 13:49:16.426492
28,155,Samir,Predovic,wendell_kihn@willms.org,942.055.1124 x36447,28,2018-03-14 13:49:16.428239,2018-04-23 13:49:16.428874,2018-04-23 13:49:16.428874
buzz,156,Evangeline,Beatty,frida@greenfelder.net,637-241-9418,55,2018-03-16 13:49:16.430603,2018-04-23 13:49:16.431211,2018-04-23 13:49:16.431211
buzz,157,Daphne,Jerde,art@effertzwaters.info,940.281.7701,40,2018-02-08 13:49:16.432917,2018-04-23 13:49:16.433579,2018-04-23 13:49:16.433579
49,158,Lionel,Mann,zelda_howell@stantonschowalter.info,548-012-3793,49,2018-03-15 13:49:16.435368,2018-04-23 13:49:16.436068,2018-04-23 13:49:16.436068
fizz,159,Magdalen,Mohr,rosario@mueller.biz,(234) 689-1726 x673,24,2018-04-22 13:49:16.437888,2018-04-23 13:49:16.438619,2018-04-23 13:49:16.438619
buzz,160,Jordy,Lowe,delta@doyle.org,798-174-2144 x159,65,2018-03-29 13:49:16.440618,2018-04-23 13:49:16.441304,2018-04-23 13:49:16.441304
68,161,Shanna,Huels,gwen@champlinjerde.biz,183.451.7291 x896,68,2018-02-17 13:49:16.443116,2018-04-23 13:49:16.443853,2018-04-23 13:49:16.443853
22,162,Colleen,Bahringer,bridget@wintheiser.net,872-700-4726,22,2018-01-26 13:49:16.445491,2018-04-23 13:49:16.446081,2018-04-23 13:49:16.446081
53,163,Blaze,Gusikowski,laverna@gutkowski.io,148-625-6270 x62035,53,2018-01-16 13:49:16.447658,2018-04-23 13:49:16.448236,2018-04-23 13:49:16.448236
46,164,Buck,Hessel,malcolm.block@mitchell.info,(151) 138-0893 x35137,46,2018-01-31 13:49:16.449849,2018-04-23 13:49:16.450454,2018-04-23 13:49:16.450454
buzz,165,Lorena,Roob,delta.rodriguez@homenick.com,223.447.5021 x20959,65,2018-03-14 13:49:16.452392,2018-04-23 13:49:16.453163,2018-04-23 13:49:16.453163
28,166,Yasmin,Bins,zander@ledner.com,(556) 863-8698,28,2018-01-31 13:49:16.454904,2018-04-23 13:49:16.455533,2018-04-23 13:49:16.455533
fizz,167,Emil,Batz,taya@murphy.name,1-261-998-5811,72,2018-02-09 13:49:16.457233,2018-04-23 13:49:16.457928,2018-04-23 13:49:16.457928
fizz,168,Eli,Gleason,mitchell.gaylord@torp.co,721.007.7159 x18254,27,2018-04-11 13:49:16.459608,2018-04-23 13:49:16.460245,2018-04-23 13:49:16.460245
fizz,169,Penelope,Gutmann,ro_johnson@bogisich.com,1-409-047-7197 x9095,63,2018-02-03 13:49:16.461929,2018-04-23 13:49:16.46259,2018-04-23 13:49:16.46259
17,170,Novella,Jacobson,bennie@feest.co,(318) 078-1155 x7388,17,2018-01-21 13:49:16.464223,2018-04-23 13:49:16.46485,2018-04-23 13:49:16.46485
fizz,172,Yasmine,Okuneva,lempi@farrell.net,(817) 073-6184,63,2018-02-11 13:49:16.468872,2018-04-23 13:49:16.469716,2018-04-23 13:49:16.469716
52,173,Miles,Tremblay,arlene@bogisich.co,(435) 439-3541 x08672,52,2018-04-09 13:49:16.471445,2018-04-23 13:49:16.472054,2018-04-23 13:49:16.472054
fizzbuzz,174,Cody,Dietrich,edmond.torphy@tromp.net,833-219-9730,45,2018-03-14 13:49:16.473641,2018-04-23 13:49:16.474243,2018-04-23 13:49:16.474243
fizzbuzz,175,Olin,Collins,jamison.welch@ebertlemke.info,325-034-6226 x2470,15,2018-03-25 13:49:16.475845,2018-04-23 13:49:16.476415,2018-04-23 13:49:16.476415
fizz,176,Hiram,Towne,vivian_trantow@mrazstiedemann.co,(787) 362-4169 x41469,21,2018-04-23 13:49:16.477972,2018-04-23 13:49:16.4786,2018-04-23 13:49:16.4786
43,177,Willard,Prosacco,jaquan@hintz.io,157.872.8282 x94452,43,2018-03-24 13:49:16.480391,2018-04-23 13:49:16.481029,2018-04-23 13:49:16.481029
fizz,178,Porter,Thompson,brenna@windler.info,501-497-8114,18,2018-03-30 13:49:16.482864,2018-04-23 13:49:16.483664,2018-04-23 13:49:16.483664
buzz,179,Merl,Pfannerstill,bobby@cormierauer.io,226.975.9397 x407,65,2018-01-20 13:49:16.485414,2018-04-23 13:49:16.486103,2018-04-23 13:49:16.486103
buzz,180,Fletcher,DuBuque,henry.buckridge@barton.com,1-264-885-3065,25,2018-03-12 13:49:16.48778,2018-04-23 13:49:16.488368,2018-04-23 13:49:16.488368
26,181,Jewell,Rowe,arnulfo.kovacek@oberbrunnerbednar.co,1-250-468-2416 x230,26,2018-04-03 13:49:16.489943,2018-04-23 13:49:16.490514,2018-04-23 13:49:16.490514
fizz,182,Alba,Dietrich,jermain.heathcote@whitehammes.name,(516) 693-4691 x812,39,2018-02-12 13:49:16.492075,2018-04-23 13:49:16.492646,2018-04-23 13:49:16.492646
71,183,Ines,West,lenore@west.com,1-580-303-3690 x889,71,2018-03-11 13:49:16.494189,2018-04-23 13:49:16.494855,2018-04-23 13:49:16.494855
buzz,184,Ahmad,Smitham,althea_moore@kunzekshlerin.name,1-317-287-3553 x809,25,2018-04-16 13:49:16.496497,2018-04-23 13:49:16.497072,2018-04-23 13:49:16.497072
59,185,Irving,Osinski,jalen@predovicbecker.name,(131) 658-0624 x579,59,2018-01-23 13:49:16.498741,2018-04-23 13:49:16.499354,2018-04-23 13:49:16.499354
62,186,Isom,Dare,gerson@hodkiewicz.co,1-334-007-4634,62,2018-01-16 13:49:16.500932,2018-04-23 13:49:16.50156,2018-04-23 13:49:16.50156
fizz,187,Conrad,Kshlerin,kristopher@kris.org,571.453.8258,33,2018-04-18 13:49:16.503467,2018-04-23 13:49:16.504121,2018-04-23 13:49:16.504121
61,188,Savannah,Jacobson,nicola@beckerrolfson.net,896-888-6111,61,2018-04-06 13:49:16.505804,2018-04-23 13:49:16.506444,2018-04-23 13:49:16.506444
32,189,Viola,Weber,elliot@walter.name,443-618-6761 x77332,32,2018-04-16 13:49:16.50815,2018-04-23 13:49:16.50882,2018-04-23 13:49:16.50882
16,190,Rico,Aufderhar,lizzie_ratke@bartonsmitham.org,832.381.7949 x110,16,2018-04-10 13:49:16.510511,2018-04-23 13:49:16.511164,2018-04-23 13:49:16.511164
53,191,Lempi,O'Kon,macey@bogisichharber.co,807.691.4110 x389,53,2018-04-14 13:49:16.512868,2018-04-23 13:49:16.513511,2018-04-23 13:49:16.513511
fizz,192,Hugh,Nienow,darius@rogahn.com,861-979-9177 x486,42,2018-01-16 13:49:16.515528,2018-04-23 13:49:16.516476,2018-04-23 13:49:16.516476
58,193,Justice,Schaden,nyasia_muller@deckowhirthe.io,(461) 914-2630 x5639,58,2018-03-23 13:49:16.518314,2018-04-23 13:49:16.51901,2018-04-23 13:49:16.51901
fizz,194,Melyssa,Boyle,lorenzo@walter.io,273-943-0367 x502,27,2018-04-08 13:49:16.520817,2018-04-23 13:49:16.521481,2018-04-23 13:49:16.521481
38,195,Monserrat,Rau,scarlett@stark.name,163.744.9566 x15336,38,2018-03-06 13:49:16.523498,2018-04-23 13:49:16.524429,2018-04-23 13:49:16.524429
73,196,Noble,Upton,makenzie@stokes.co,(785) 305-6715,73,2018-01-16 13:49:16.526438,2018-04-23 13:49:16.527419,2018-04-23 13:49:16.527419
fizz,197,Rico,Crona,jamaal.kuphal@rueljacobs.io,615-678-2989 x2924,24,2018-01-28 13:49:16.529448,2018-04-23 13:49:16.530387,2018-04-23 13:49:16.530387
28,198,Emilie,Wolff,adolfo@bogisich.com,1-110-776-7627 x880,28,2018-01-17 13:49:16.532412,2018-04-23 13:49:16.53341,2018-04-23 13:49:16.53341
fizz,199,Ericka,Pfannerstill,elizabeth@wildermanyundt.org,1-598-848-8651 x5483,54,2018-03-23 13:49:16.535194,2018-04-23 13:49:16.535938,2018-04-23 13:49:16.535938
67,200,Selmer,Rempel,collin.denesik@pfefferprosacco.org,1-419-193-6719 x318,67,2018-03-26 13:49:16.537755,2018-04-23 13:49:16.538447,2018-04-23 13:49:16.538447
29,201,Walter,Wiegand,leopold_cole@hoegerbecker.biz,1-220-547-8890 x305,29,2018-04-03 13:49:16.540163,2018-04-23 13:49:16.540803,2018-04-23 13:49:16.540803
28,202,Baron,Barton,madelynn_bruen@wildermanbailey.co,726-305-1920 x57975,28,2018-04-06 13:49:16.542478,2018-04-23 13:49:16.543089,2018-04-23 13:49:16.543089
fizz,203,Belle,Lockman,emil_ankunding@rice.com,254-132-1510 x3544,21,2018-02-17 13:49:16.544696,2018-04-23 13:49:16.545286,2018-04-23 13:49:16.545286
67,204,Keara,Bernhard,juanita@doyle.biz,1-981-107-1930,67,2018-03-13 13:49:16.547266,2018-04-23 13:49:16.547917,2018-04-23 13:49:16.547917
23,205,Hayden,Toy,carolanne_friesen@stracke.co,1-206-749-3131 x659,23,2018-03-04 13:49:16.549599,2018-04-23 13:49:16.550233,2018-04-23 13:49:16.550233
fizz,206,Lambert,Braun,laney.walker@leannon.org,1-579-154-9973 x81003,42,2018-03-30 13:49:16.551938,2018-04-23 13:49:16.552613,2018-04-23 13:49:16.552613
67,207,Morgan,Paucek,rory.smitham@gottliebboyer.org,741-073-8013 x212,67,2018-03-07 13:49:16.554286,2018-04-23 13:49:16.554893,2018-04-23 13:49:16.554893
49,208,Selina,Rodriguez,alphonso_hagenes@schroedercain.name,179-679-2174 x189,49,2018-03-10 13:49:16.556553,2018-04-23 13:49:16.557179,2018-04-23 13:49:16.557179
fizz,209,Emerald,Simonis,urban.brown@witting.org,1-843-120-4923,48,2018-03-08 13:49:16.55895,2018-04-23 13:49:16.559572,2018-04-23 13:49:16.559572
22,210,Betty,Treutel,marisa.feeney@haagrosenbaum.info,1-881-126-5077 x240,22,2018-01-15 13:49:16.561271,2018-04-23 13:49:16.561898,2018-04-23 13:49:16.561898
fizzbuzz,211,Karina,Hagenes,lenny_kertzmann@littelaufderhar.org,(554) 581-3367,45,2018-02-10 13:49:16.563534,2018-04-23 13:49:16.564168,2018-04-23 13:49:16.564168
fizz,212,Hilbert,Collins,herminio@aufderhar.net,1-962-742-6023 x126,72,2018-04-02 13:49:16.565862,2018-04-23 13:49:16.566492,2018-04-23 13:49:16.566492
28,213,Trevion,McKenzie,elijah@howellgrant.co,(235) 493-3520 x16627,28,2018-04-16 13:49:16.568158,2018-04-23 13:49:16.568814,2018-04-23 13:49:16.568814
22,214,Eleazar,Gutkowski,euna@romagueramayert.io,1-787-995-8994,22,2018-02-12 13:49:16.570577,2018-04-23 13:49:16.571358,2018-04-23 13:49:16.571358
buzz,215,Misty,Zieme,camryn.mante@cummingsdeckow.info,1-799-575-0544 x4108,40,2018-03-23 13:49:16.573148,2018-04-23 13:49:16.573765,2018-04-23 13:49:16.573765
58,216,Junior,DuBuque,dovie@bahringer.com,524.532.5390,58,2018-03-28 13:49:16.575382,2018-04-23 13:49:16.575975,2018-04-23 13:49:16.575975
59,217,Emerald,O'Keefe,ryan.lesch@donnelly.com,912-103-6499 x034,59,2018-03-19 13:49:16.5777,2018-04-23 13:49:16.578695,2018-04-23 13:49:16.578695
31,218,Xzavier,Hyatt,elena.gleason@lynch.co,853.522.7524,31,2018-02-21 13:49:16.58049,2018-04-23 13:49:16.58112,2018-04-23 13:49:16.58112
fizz,219,Friedrich,Lindgren,bernita@hane.name,1-665-832-8533,66,2018-01-20 13:49:16.582803,2018-04-23 13:49:16.583421,2018-04-23 13:49:16.583421
26,220,Joelle,Kuhic,patricia@reilly.co,(163) 487-9885,26,2018-02-20 13:49:16.585107,2018-04-23 13:49:16.585762,2018-04-23 13:49:16.585762
67,221,Keegan,Schmitt,danial_bosco@bergnaum.info,1-891-552-8727 x409,67,2018-03-09 13:49:16.587463,2018-04-23 13:49:16.588099,2018-04-23 13:49:16.588099
buzz,222,Waino,Boyle,erin_howell@funk.info,1-380-586-0640 x685,25,2018-02-22 13:49:16.589797,2018-04-23 13:49:16.590446,2018-04-23 13:49:16.590446
fizz,223,Sabina,Towne,janick@legroskoch.net,614-664-4990 x2458,36,2018-04-03 13:49:16.592137,2018-04-23 13:49:16.592781,2018-04-23 13:49:16.592781
fizzbuzz,224,Clarabelle,Runolfsson,marisol_bashirian@marquardt.info,1-696-041-6772,30,2018-02-19 13:49:16.600205,2018-04-23 13:49:16.600965,2018-04-23 13:49:16.600965
fizz,225,Betty,Prohaska,liliana.brakus@crist.co,1-275-168-2196 x18126,66,2018-01-23 13:49:16.602929,2018-04-23 13:49:16.60365,2018-04-23 13:49:16.60365
fizz,226,Bridie,Fahey,jacynthe_stamm@carrollchamplin.com,618.342.6034,42,2018-01-31 13:49:16.605607,2018-04-23 13:49:16.606405,2018-04-23 13:49:16.606405
fizzbuzz,227,Titus,MacGyver,daryl.turner@hagenepencer.biz,(186) 930-9200 x6089,45,2018-04-06 13:49:16.608527,2018-04-23 13:49:16.609456,2018-04-23 13:49:16.609456
59,228,Jessy,Wolf,charley@dach.co,1-500-881-3258 x43546,59,2018-04-02 13:49:16.61137,2018-04-23 13:49:16.612015,2018-04-23 13:49:16.612015
fizz,229,Ole,Berge,kara_shields@vonruedenheller.info,369.442.6823,18,2018-03-08 13:49:16.613657,2018-04-23 13:49:16.614273,2018-04-23 13:49:16.614273
buzz,230,Chance,Witting,emely_nolan@graham.io,(829) 853-0409 x41794,55,2018-03-15 13:49:16.615987,2018-04-23 13:49:16.616633,2018-04-23 13:49:16.616633
37,231,Elsa,Koch,lavina@smitham.biz,827-422-2526 x152,37,2018-03-28 13:49:16.618283,2018-04-23 13:49:16.618947,2018-04-23 13:49:16.618947
71,232,Vernice,Mertz,demetris@franecki.co,469-486-5711,71,2018-01-26 13:49:16.620651,2018-04-23 13:49:16.621334,2018-04-23 13:49:16.621334
38,233,Stephania,Kihn,kory.fadel@daugherty.org,674-216-1376 x70593,38,2018-02-24 13:49:16.62328,2018-04-23 13:49:16.624332,2018-04-23 13:49:16.624332
74,234,Vilma,Littel,karlie@pagac.com,(239) 697-0383 x661,74,2018-02-08 13:49:16.626465,2018-04-23 13:49:16.627094,2018-04-23 13:49:16.627094
74,235,Rogelio,Cassin,timothy_kirlin@fahey.org,955.566.9065 x8975,74,2018-04-12 13:49:16.628715,2018-04-23 13:49:16.629341,2018-04-23 13:49:16.629341
buzz,236,Helmer,Cummerata,heber_becker@kutch.org,342-913-7891,40,2018-02-11 13:49:16.630994,2018-04-23 13:49:16.631591,2018-04-23 13:49:16.631591
fizzbuzz,237,Dan,Price,moie_wuckert@oreilly.biz,142-790-7419,15,2018-02-24 13:49:16.633262,2018-04-23 13:49:16.633893,2018-04-23 13:49:16.633893
fizz,238,Chadd,Bogisich,madalyn@westmurray.io,929.307.9668,72,2018-04-10 13:49:16.635661,2018-04-23 13:49:16.636395,2018-04-23 13:49:16.636395
34,239,Al,Stoltenberg,ozzie_willms@abshireberge.biz,889-299-6699 x64397,34,2018-02-06 13:49:16.638244,2018-04-23 13:49:16.638884,2018-04-23 13:49:16.638884
buzz,240,Antonia,Kunde,angus_cole@ferry.biz,1-513-603-6942,35,2018-03-18 13:49:16.640514,2018-04-23 13:49:16.641141,2018-04-23 13:49:16.641141
fizz,241,Elisabeth,Aufderhar,miller@macejkovicvon.co,1-153-823-9630 x8062,36,2018-04-10 13:49:16.642903,2018-04-23 13:49:16.643568,2018-04-23 13:49:16.643568
28,242,Blanche,Reichel,blanca@schimmelwalter.co,913-713-9015 x0105,28,2018-01-14 13:49:16.645286,2018-04-23 13:49:16.645926,2018-04-23 13:49:16.645926
58,243,Brielle,Bashirian,susie.hand@schroederheel.biz,1-486-233-1470 x691,58,2018-04-17 13:49:16.647663,2018-04-23 13:49:16.648323,2018-04-23 13:49:16.648323
38,244,Rodolfo,Johnston,brandi@kiehnkozey.info,1-442-913-9655,38,2018-03-29 13:49:16.650014,2018-04-23 13:49:16.650643,2018-04-23 13:49:16.650643
68,245,Elody,Johns,julia@davis.info,(382) 582-9582 x766,68,2018-03-29 13:49:16.65254,2018-04-23 13:49:16.653179,2018-04-23 13:49:16.653179
fizzbuzz,246,Domenick,Glover,elenora_bechtelar@jerde.name,(736) 658-2288,60,2018-03-24 13:49:16.65488,2018-04-23 13:49:16.655473,2018-04-23 13:49:16.655473
buzz,247,Roel,Herman,elaina@dickinsonboyer.com,(220) 665-9429,70,2018-02-09 13:49:16.657138,2018-04-23 13:49:16.657728,2018-04-23 13:49:16.657728
17,248,Nicolas,Orn,lindsay@stromanpfeffer.net,773-638-1301,17,2018-01-24 13:49:16.659397,2018-04-23 13:49:16.659991,2018-04-23 13:49:16.659991
64,249,Evangeline,Sipes,mollie.stroman@wardokon.org,315-486-3659 x9262,64,2018-03-30 13:49:16.66171,2018-04-23 13:49:16.662316,2018-04-23 13:49:16.662316
fizz,250,Federico,O'Reilly,marian@orn.name,(282) 441-3509 x509,33,2018-01-28 13:49:16.664103,2018-04-23 13:49:16.664711,2018-04-23 13:49:16.664711
44,251,Myra,Olson,magnus.weimann@jakubowskioreilly.co,1-315-784-4930 x203,44,2018-03-07 13:49:16.666457,2018-04-23 13:49:16.667101,2018-04-23 13:49:16.667101
fizz,252,Karson,Swift,celia@bode.net,1-312-350-3529 x961,63,2018-03-11 13:49:16.669006,2018-04-23 13:49:16.669649,2018-04-23 13:49:16.669649
62,253,Jean,Fay,nickolas_hermiston@ortizrenner.org,1-777-646-5378 x3304,62,2018-03-26 13:49:16.67141,2018-04-23 13:49:16.672011,2018-04-23 13:49:16.672011
43,254,Karelle,Blanda,elton@harris.biz,1-185-335-8123 x36608,43,2018-02-14 13:49:16.673702,2018-04-23 13:49:16.674301,2018-04-23 13:49:16.674301
47,255,Fred,Mayer,jermain_herzog@vandervort.io,325-936-1524,47,2018-03-25 13:49:16.675964,2018-04-23 13:49:16.676563,2018-04-23 13:49:16.676563
fizz,256,Eugenia,Block,thora@roberts.com,(945) 308-2576,18,2018-01-14 13:49:16.678432,2018-04-23 13:49:16.679108,2018-04-23 13:49:16.679108
buzz,257,Francesco,Thompson,lew.casper@sipes.io,377-891-9788,40,2018-03-09 13:49:16.680806,2018-04-23 13:49:16.681426,2018-04-23 13:49:16.681426
56,258,Emmet,Little,claire.wuckert@paucek.com,(913) 762-9584,56,2018-02-21 13:49:16.68309,2018-04-23 13:49:16.683711,2018-04-23 13:49:16.683711
59,259,Lazaro,Brakus,annabelle.ebert@ferrybailey.com,1-471-970-7273 x00643,59,2018-03-05 13:49:16.685365,2018-04-23 13:49:16.68603,2018-04-23 13:49:16.68603
fizzbuzz,260,Cristian,Hilll,sister_wiegand@lueilwitz.info,1-275-558-5483 x90101,60,2018-01-23 13:49:16.68775,2018-04-23 13:49:16.688607,2018-04-23 13:49:16.688607
34,261,Shawn,Hayes,aliya.durgan@becker.io,948.147.0608 x24068,34,2018-02-23 13:49:16.690524,2018-04-23 13:49:16.691244,2018-04-23 13:49:16.691244
59,262,Macey,Rosenbaum,sonya@schinner.net,1-307-565-4848,59,2018-02-24 13:49:16.693122,2018-04-23 13:49:16.693961,2018-04-23 13:49:16.693961
fizz,263,Yasmin,Runolfsson,tony@dooleyluettgen.name,(579) 517-6860,39,2018-04-19 13:49:16.69577,2018-04-23 13:49:16.696409,2018-04-23 13:49:16.696409
73,264,Danyka,Lebsack,rahul_eichmann@rosenbaumbrakus.biz,(419) 015-0476 x1346,73,2018-03-02 13:49:16.698051,2018-04-23 13:49:16.698669,2018-04-23 13:49:16.698669
64,265,Destinee,Larson,claudine@wolffsawayn.net,1-643-725-7265,64,2018-04-10 13:49:16.700283,2018-04-23 13:49:16.700887,2018-04-23 13:49:16.700887
58,266,Cordelia,Macejkovic,jaime_schmitt@gerhold.org,969.651.2821 x5493,58,2018-02-14 13:49:16.702634,2018-04-23 13:49:16.703433,2018-04-23 13:49:16.703433
fizz,267,Rodrigo,Murphy,ernestina@roberts.org,1-645-990-5247,51,2018-03-04 13:49:16.705459,2018-04-23 13:49:16.706219,2018-04-23 13:49:16.706219
41,268,Prudence,Hermann,abelardo.mohr@zulauf.biz,959-270-3920,41,2018-04-22 13:49:16.70812,2018-04-23 13:49:16.708773,2018-04-23 13:49:16.708773
56,269,Jany,Purdy,serena@kovacek.com,(654) 387-5364 x43345,56,2018-04-17 13:49:16.710552,2018-04-23 13:49:16.711162,2018-04-23 13:49:16.711162
26,270,Mafalda,Osinski,margarette@kautzer.io,725-718-2828 x825,26,2018-03-20 13:49:16.712788,2018-04-23 13:49:16.713426,2018-04-23 13:49:16.713426
22,271,Lamar,Kuhn,kaitlin@hettinger.net,704.438.6723 x093,22,2018-02-07 13:49:16.715184,2018-04-23 13:49:16.715767,2018-04-23 13:49:16.715767
fizzbuzz,272,Erna,Pfeffer,keara_bode@west.com,1-536-422-9929 x63789,15,2018-03-31 13:49:16.717428,2018-04-23 13:49:16.718092,2018-04-23 13:49:16.718092
fizz,273,Bert,Fisher,katrina_veum@vandervortupton.biz,(422) 827-9199 x39622,18,2018-02-25 13:49:16.720007,2018-04-23 13:49:16.720631,2018-04-23 13:49:16.720631
58,274,Gunnar,Rath,edward.gerhold@torp.com,1-903-538-5305 x6056,58,2018-03-24 13:49:16.722318,2018-04-23 13:49:16.722902,2018-04-23 13:49:16.722902
29,275,Rosamond,Ruecker,johan_orn@johnsanderson.info,173.065.3518,29,2018-03-22 13:49:16.724557,2018-04-23 13:49:16.725129,2018-04-23 13:49:16.725129
17,276,Mireya,Raynor,bernadette@schmittgibson.org,1-814-240-0958 x505,17,2018-03-09 13:49:16.726763,2018-04-23 13:49:16.727333,2018-04-23 13:49:16.727333
buzz,277,Davonte,Will,fermin.halvorson@kutchquitzon.biz,1-923-225-8748 x546,50,2018-03-12 13:49:16.728988,2018-04-23 13:49:16.729572,2018-04-23 13:49:16.729572
fizz,278,Makenna,Kuhn,keagan@lynch.com,899.100.7142 x59152,21,2018-03-31 13:49:16.731319,2018-04-23 13:49:16.731977,2018-04-23 13:49:16.731977
38,279,Leila,Smith,gunnar_pagac@swiftmurray.org,1-257-825-6068 x8940,38,2018-02-14 13:49:16.733739,2018-04-23 13:49:16.734362,2018-04-23 13:49:16.734362
64,280,Stephon,Schroeder,darrel@kiehn.com,531-666-0516,64,2018-01-28 13:49:16.736125,2018-04-23 13:49:16.736779,2018-04-23 13:49:16.736779
52,281,Americo,Gulgowski,santa@prosacco.net,(425) 407-5795,52,2018-03-16 13:49:16.738824,2018-04-23 13:49:16.739726,2018-04-23 13:49:16.739726
23,282,Neal,Koss,jaunita_halvorson@fay.net,955.187.7314 x04755,23,2018-02-25 13:49:16.741515,2018-04-23 13:49:16.74213,2018-04-23 13:49:16.74213
23,283,Jalen,Mante,titus.okon@bartonbailey.com,642-352-1755,23,2018-04-03 13:49:16.744202,2018-04-23 13:49:16.745122,2018-04-23 13:49:16.745122
58,284,Kaelyn,Schowalter,darrel@gerhold.co,255-845-9998 x438,58,2018-03-21 13:49:16.747411,2018-04-23 13:49:16.748362,2018-04-23 13:49:16.748362
28,285,Nicholas,Rohan,chesley@barrowswalker.com,677.407.4967 x60102,28,2018-04-22 13:49:16.750519,2018-04-23 13:49:16.751259,2018-04-23 13:49:16.751259
fizz,286,Annie,Ziemann,regan@kiehnnader.info,827-222-9393,51,2018-03-13 13:49:16.753126,2018-04-23 13:49:16.753904,2018-04-23 13:49:16.753904
71,287,Hillary,Daugherty,susana_sipes@ziemesporer.org,(711) 266-9423 x64794,71,2018-04-04 13:49:16.755695,2018-04-23 13:49:16.75662,2018-04-23 13:49:16.75662
fizz,288,Rebeka,O'Keefe,deion@lind.biz,693.902.1687,39,2018-02-10 13:49:16.75845,2018-04-23 13:49:16.759088,2018-04-23 13:49:16.759088
fizz,289,Destinee,Schneider,tiana@brownsmith.io,(345) 197-3067,48,2018-02-28 13:49:16.760865,2018-04-23 13:49:16.761479,2018-04-23 13:49:16.761479
fizz,290,Misty,Sporer,maida@hackett.io,999.338.8349,24,2018-03-19 13:49:16.763249,2018-04-23 13:49:16.763938,2018-04-23 13:49:16.763938
71,291,Eloy,Morar,garnet_grady@vonrueden.org,(669) 507-5440 x775,71,2018-02-25 13:49:16.765631,2018-04-23 13:49:16.766286,2018-04-23 13:49:16.766286
fizz,292,Kristin,Murazik,shemar_little@bernhardbailey.net,(919) 936-2097,66,2018-04-02 13:49:16.768285,2018-04-23 13:49:16.769018,2018-04-23 13:49:16.769018
fizz,293,Fredrick,Hahn,noel_marquardt@dickinson.org,876.462.4085,39,2018-04-11 13:49:16.770909,2018-04-23 13:49:16.771679,2018-04-23 13:49:16.771679
fizz,294,Tamara,Jast,alexandra.braun@schusterpfeffer.net,(475) 241-7745 x200,57,2018-03-12 13:49:16.774013,2018-04-23 13:49:16.774715,2018-04-23 13:49:16.774715
58,295,Dashawn,Schmidt,ardith@dubuque.io,(503) 146-7783,58,2018-03-01 13:49:16.776574,2018-04-23 13:49:16.777258,2018-04-23 13:49:16.777258
fizz,296,Kasey,Hessel,adalberto@konopelskiwiegand.biz,922.561.3540,36,2018-03-14 13:49:16.779006,2018-04-23 13:49:16.779725,2018-04-23 13:49:16.779725
26,297,Claudie,Turner,abigail@batzhalvorson.name,296.069.5640,26,2018-01-19 13:49:16.781393,2018-04-23 13:49:16.781985,2018-04-23 13:49:16.781985
19,298,Marjory,Bednar,vernon@hermanzemlak.name,535-922-1607 x28970,19,2018-03-01 13:49:16.783885,2018-04-23 13:49:16.784491,2018-04-23 13:49:16.784491
47,299,Conrad,Gutkowski,dedrick@lehnerpurdy.name,354-262-9911,47,2018-03-12 13:49:16.786223,2018-04-23 13:49:16.786857,2018-04-23 13:49:16.786857
71,300,Kali,Abbott,mellie@hegmannsimonis.info,982-441-1834,71,2018-02-17 13:49:16.788603,2018-04-23 13:49:16.789226,2018-04-23 13:49:16.789226
buzz,301,Angelina,Kautzer,elza@monahanparker.io,426.867.6190,20,2018-03-21 13:49:16.791002,2018-04-23 13:49:16.791609,2018-04-23 13:49:16.791609
49,302,Nigel,Baumbach,rick_weber@leschhaag.com,1-826-123-3288 x2097,49,2018-02-22 13:49:16.793351,2018-04-23 13:49:16.794028,2018-04-23 13:49:16.794028
fizz,303,Eldred,Harber,clemmie@cartwright.io,536.276.3733 x121,36,2018-02-07 13:49:16.79583,2018-04-23 13:49:16.796487,2018-04-23 13:49:16.796487
fizz,304,Cassidy,Lind,terrell@dachortiz.name,241.669.7039,27,2018-03-17 13:49:16.798309,2018-04-23 13:49:16.79895,2018-04-23 13:49:16.79895
fizzbuzz,305,Alfred,Davis,zander_lindgren@konopelskicartwright.net,1-602-038-8411,15,2018-03-08 13:49:16.800822,2018-04-23 13:49:16.801459,2018-04-23 13:49:16.801459
59,306,Edmund,Wilkinson,sonya.borer@dubuque.info,(528) 150-4729 x11274,59,2018-01-19 13:49:16.803297,2018-04-23 13:49:16.803912,2018-04-23 13:49:16.803912
37,307,Dayna,Predovic,reece_brown@willms.io,245.662.6119 x5569,37,2018-01-23 13:49:16.805588,2018-04-23 13:49:16.8062,2018-04-23 13:49:16.8062
fizz,308,Conner,Davis,alayna.schowalter@buckridge.name,1-473-835-4464 x91836,54,2018-04-22 13:49:16.807852,2018-04-23 13:49:16.808518,2018-04-23 13:49:16.808518
34,309,Rosa,Kessler,carmine@cartwright.net,(428) 035-8382,34,2018-04-01 13:49:16.8104,2018-04-23 13:49:16.811027,2018-04-23 13:49:16.811027
17,310,Melvin,Hansen,neal.lynch@stokes.biz,778-995-3883 x03467,17,2018-03-10 13:49:16.812897,2018-04-23 13:49:16.813533,2018-04-23 13:49:16.813533
22,311,Robyn,Schimmel,garland.stroman@watsica.io,1-734-720-7970 x6946,22,2018-03-05 13:49:16.815241,2018-04-23 13:49:16.81584,2018-04-23 13:49:16.81584
fizzbuzz,312,Chet,Barton,brannon.wiegand@torp.co,797-993-7156 x3908,30,2018-03-02 13:49:16.817556,2018-04-23 13:49:16.818241,2018-04-23 13:49:16.818241
fizz,313,Greta,Morar,moses.krajcik@farrellmarquardt.org,461.603.1634 x76457,51,2018-04-06 13:49:16.820073,2018-04-23 13:49:16.820705,2018-04-23 13:49:16.820705
fizz,314,Christopher,Shanahan,lenna@bartonluettgen.co,1-936-691-4951 x549,24,2018-01-17 13:49:16.822417,2018-04-23 13:49:16.823129,2018-04-23 13:49:16.823129
37,315,Raleigh,Reichel,kaandra_oberbrunner@klocko.co,1-724-474-3593 x873,37,2018-03-14 13:49:16.825445,2018-04-23 13:49:16.826128,2018-04-23 13:49:16.826128
buzz,316,Elnora,Abernathy,melvin.fisher@abbottlangworth.co,(570) 015-9800,55,2018-03-04 13:49:16.827824,2018-04-23 13:49:16.82844,2018-04-23 13:49:16.82844
fizz,317,Halie,Kohler,gerry_rau@haaghagenes.co,(383) 036-3435 x53229,21,2018-03-07 13:49:16.830082,2018-04-23 13:49:16.830678,2018-04-23 13:49:16.830678
fizz,318,Rory,Hackett,zechariah@weberpfannerstill.net,831-579-6881,51,2018-03-01 13:49:16.832322,2018-04-23 13:49:16.832898,2018-04-23 13:49:16.832898
67,319,Reed,Lebsack,faye@mcclure.info,(130) 930-5413 x862,67,2018-03-23 13:49:16.834814,2018-04-23 13:49:16.835596,2018-04-23 13:49:16.835596
29,320,Mariela,Bashirian,asa@reinger.io,898.868.1567,29,2018-01-28 13:49:16.837702,2018-04-23 13:49:16.838342,2018-04-23 13:49:16.838342
41,321,Marshall,Rodriguez,vaughn@abshireabshire.info,(354) 102-4489 x9012,41,2018-03-01 13:49:16.840057,2018-04-23 13:49:16.840644,2018-04-23 13:49:16.840644
fizz,322,Sarai,Gulgowski,darian_romaguera@price.net,103-132-6704,39,2018-02-22 13:49:16.842289,2018-04-23 13:49:16.842882,2018-04-23 13:49:16.842882
22,323,Destiney,Schroeder,mia_ankunding@walker.net,1-797-820-5230,22,2018-01-31 13:49:16.844526,2018-04-23 13:49:16.845122,2018-04-23 13:49:16.845122
fizz,324,Gustave,Johnson,finn@monahan.co,(668) 286-2515 x45060,69,2018-03-06 13:49:16.846769,2018-04-23 13:49:16.847373,2018-04-23 13:49:16.847373
buzz,325,Marco,Lowe,laura@dibbert.info,667.302.3516 x45415,20,2018-03-06 13:49:16.849044,2018-04-23 13:49:16.849847,2018-04-23 13:49:16.849847
62,326,Bradly,Becker,marcos@feilhegmann.io,1-513-837-9842,62,2018-03-25 13:49:16.851692,2018-04-23 13:49:16.852534,2018-04-23 13:49:16.852534
62,327,Crystal,Marks,otto.altenwerth@volkman.com,459.850.4897 x293,62,2018-03-24 13:49:16.854395,2018-04-23 13:49:16.855052,2018-04-23 13:49:16.855052
fizzbuzz,328,Horacio,Hyatt,ettie_armstrong@streich.co,1-335-346-8671 x878,15,2018-02-09 13:49:16.856886,2018-04-23 13:49:16.857518,2018-04-23 13:49:16.857518
fizz,329,Llewellyn,Ziemann,timmy.rau@hansen.name,218.846.6532 x14272,36,2018-04-16 13:49:16.859249,2018-04-23 13:49:16.859876,2018-04-23 13:49:16.859876
49,330,Abigail,Lockman,caleigh@haley.io,(654) 408-5221 x82148,49,2018-03-12 13:49:16.861619,2018-04-23 13:49:16.862262,2018-04-23 13:49:16.862262
fizz,331,Sadye,Lynch,chester@schimmelhaag.com,683.044.5270 x926,27,2018-02-22 13:49:16.864419,2018-04-23 13:49:16.865112,2018-04-23 13:49:16.865112
fizz,332,Sheldon,Terry,mona_mcclure@oconnell.io,(511) 624-2961,63,2018-04-03 13:49:16.86683,2018-04-23 13:49:16.867483,2018-04-23 13:49:16.867483
29,333,Christophe,Hyatt,emiliano.goldner@kuphal.biz,(173) 504-3803 x97980,29,2018-04-21 13:49:16.869261,2018-04-23 13:49:16.86996,2018-04-23 13:49:16.86996
buzz,334,Webster,Lakin,lia@leannon.io,(755) 804-8021 x66284,25,2018-03-23 13:49:16.872092,2018-04-23 13:49:16.872988,2018-04-23 13:49:16.872988
fizz,335,Stephon,Prosacco,fern@mueller.co,907-719-1217,39,2018-02-19 13:49:16.875068,2018-04-23 13:49:16.875988,2018-04-23 13:49:16.875988
49,336,Lenny,Carter,ronaldo@sauer.io,672.689.3867 x79344,49,2018-02-07 13:49:16.877842,2018-04-23 13:49:16.878478,2018-04-23 13:49:16.878478
26,337,Trever,Bartoletti,mallie_borer@jonesparisian.biz,(608) 234-2553 x63988,26,2018-03-06 13:49:16.880422,2018-04-23 13:49:16.881089,2018-04-23 13:49:16.881089
22,338,Jesus,Brekke,dewitt_mayert@romaguera.net,482.538.0010,22,2018-02-06 13:49:16.883001,2018-04-23 13:49:16.883659,2018-04-23 13:49:16.883659
buzz,339,Mathilde,Sauer,osbaldo.bednar@abbottdonnelly.org,444-850-0477,55,2018-03-05 13:49:16.885497,2018-04-23 13:49:16.886275,2018-04-23 13:49:16.886275
fizz,340,Ardith,Denesik,chester@mcculloughfeest.org,333.616.0280 x64444,24,2018-04-06 13:49:16.888125,2018-04-23 13:49:16.888802,2018-04-23 13:49:16.888802
16,341,Ivy,Ortiz,flo@lemke.io,1-563-962-6674 x38604,16,2018-02-11 13:49:16.890754,2018-04-23 13:49:16.891379,2018-04-23 13:49:16.891379
buzz,342,Henri,Kunze,neal@cartwright.name,980-477-1435,40,2018-04-21 13:49:16.893089,2018-04-23 13:49:16.89367,2018-04-23 13:49:16.89367
buzz,343,Katrina,Kovacek,trey@ornjohnson.net,799.129.8733 x860,55,2018-04-13 13:49:16.895337,2018-04-23 13:49:16.895913,2018-04-23 13:49:16.895913
32,344,Orpha,Bruen,london@hegmann.org,988.632.0702,32,2018-02-02 13:49:16.897583,2018-04-23 13:49:16.898161,2018-04-23 13:49:16.898161
71,345,Magnolia,Torp,america_herman@goldner.info,400-170-6235 x0119,71,2018-03-17 13:49:16.899848,2018-04-23 13:49:16.900446,2018-04-23 13:49:16.900446
68,346,Rossie,Lakin,derick@weber.org,1-407-822-1059 x906,68,2018-04-10 13:49:16.902133,2018-04-23 13:49:16.902783,2018-04-23 13:49:16.902783
23,347,Thalia,Spencer,lucile@schuppe.info,1-168-026-1310 x709,23,2018-03-02 13:49:16.904762,2018-04-23 13:49:16.905558,2018-04-23 13:49:16.905558
22,348,Saige,Koss,annette.goyette@leuschke.co,1-815-058-6089,22,2018-02-16 13:49:16.907376,2018-04-23 13:49:16.908,2018-04-23 13:49:16.908
fizz,349,Marlon,Huel,ruby@wyman.biz,639-128-9694 x718,42,2018-02-11 13:49:16.909711,2018-04-23 13:49:16.910296,2018-04-23 13:49:16.910296
61,350,Kirstin,Cremin,gabrielle.blick@boehmswaniawski.io,1-474-195-2224 x661,61,2018-03-22 13:49:16.911962,2018-04-23 13:49:16.91256,2018-04-23 13:49:16.91256
buzz,351,Anahi,Gaylord,carmen@vonrueden.name,649.729.3958 x56080,20,2018-03-21 13:49:16.914182,2018-04-23 13:49:16.914776,2018-04-23 13:49:16.914776
fizz,352,Jerrold,Towne,brandon.schaden@schaeferkihn.info,1-625-561-6696 x464,72,2018-03-02 13:49:16.916531,2018-04-23 13:49:16.917212,2018-04-23 13:49:16.917212
73,353,Deon,Glover,anais.goyette@huels.org,403-985-4052 x747,73,2018-03-10 13:49:16.919007,2018-04-23 13:49:16.919666,2018-04-23 13:49:16.919666
68,354,Magali,Kulas,jovany@labadie.io,162.705.9994 x28950,68,2018-03-10 13:49:16.92134,2018-04-23 13:49:16.921964,2018-04-23 13:49:16.921964
fizz,355,Easter,Conn,fred@hintzschoen.info,597-348-4319 x45455,24,2018-04-12 13:49:16.923596,2018-04-23 13:49:16.924216,2018-04-23 13:49:16.924216
31,356,Jane,Witting,kathryne@jones.io,377-026-4541 x67551,31,2018-03-30 13:49:16.925854,2018-04-23 13:49:16.926475,2018-04-23 13:49:16.926475
22,357,Denis,Daniel,pierre@reichel.co,1-351-290-7174 x57817,22,2018-03-31 13:49:16.928124,2018-04-23 13:49:16.928792,2018-04-23 13:49:16.928792
fizz,358,Liza,Windler,dedric_yost@dickinsontoy.org,1-198-060-6157,51,2018-02-14 13:49:16.930537,2018-04-23 13:49:16.931307,2018-04-23 13:49:16.931307
67,359,Mariam,Bradtke,brent@reilly.org,1-111-801-5978,67,2018-01-26 13:49:16.933152,2018-04-23 13:49:16.933802,2018-04-23 13:49:16.933802
64,360,Kaia,Lowe,vena_berge@blick.net,864-333-6141,64,2018-01-24 13:49:16.935702,2018-04-23 13:49:16.93636,2018-04-23 13:49:16.93636
67,361,Elna,Ledner,lloyd.luettgen@champlin.biz,997.783.1850 x6577,67,2018-01-18 13:49:16.938017,2018-04-23 13:49:16.93865,2018-04-23 13:49:16.93865
fizzbuzz,362,Heath,Towne,madeline_stokes@kaulkereinger.co,1-245-792-2399 x6908,45,2018-01-24 13:49:16.940327,2018-04-23 13:49:16.940923,2018-04-23 13:49:16.940923
64,364,Ebba,Daugherty,marvin.king@goodwin.co,253.339.0240 x056,64,2018-03-26 13:49:16.945277,2018-04-23 13:49:16.945895,2018-04-23 13:49:16.945895
fizz,365,Cierra,Schneider,jakayla_rice@ortiz.co,(173) 787-2149 x9146,66,2018-02-14 13:49:16.94755,2018-04-23 13:49:16.948158,2018-04-23 13:49:16.948158
29,366,Elliott,Veum,toni@ko.info,1-919-181-5491,29,2018-03-09 13:49:16.949795,2018-04-23 13:49:16.950396,2018-04-23 13:49:16.950396
buzz,367,Alfred,Durgan,aaron_durgan@mcdermott.net,(788) 822-3805,25,2018-02-12 13:49:16.952081,2018-04-23 13:49:16.952737,2018-04-23 13:49:16.952737
58,368,Rosendo,Blick,fredy@zemlak.info,443-722-0402,58,2018-03-25 13:49:16.95449,2018-04-23 13:49:16.955103,2018-04-23 13:49:16.955103
fizz,369,Willie,Dibbert,laurine.hilll@kohlerstanton.info,804.072.0108 x4169,36,2018-04-06 13:49:16.957096,2018-04-23 13:49:16.957822,2018-04-23 13:49:16.957822
fizz,370,Blanca,Carroll,jennifer_larson@labadie.net,489.439.2987 x6523,66,2018-01-31 13:49:16.959597,2018-04-23 13:49:16.96022,2018-04-23 13:49:16.96022
44,371,Aliza,Brekke,robyn@hettingershields.org,755.540.0760 x4340,44,2018-03-10 13:49:16.961975,2018-04-23 13:49:16.96259,2018-04-23 13:49:16.96259
52,372,Hope,Gutmann,mervin@jerdeluettgen.biz,719-112-1282 x46744,52,2018-04-21 13:49:16.964245,2018-04-23 13:49:16.964845,2018-04-23 13:49:16.964845
59,373,Mohamed,Littel,ubaldo.schultz@vonruedenkemmer.com,1-675-107-3397,59,2018-03-30 13:49:16.966453,2018-04-23 13:49:16.967053,2018-04-23 13:49:16.967053
buzz,374,Tristin,Block,margarett@klockotorphy.net,(365) 807-7049 x757,25,2018-03-02 13:49:16.968774,2018-04-23 13:49:16.969477,2018-04-23 13:49:16.969477
fizz,375,Arianna,Erdman,adeline@armstrong.biz,(754) 350-9436,51,2018-02-01 13:49:16.971285,2018-04-23 13:49:16.971965,2018-04-23 13:49:16.971965
fizz,376,Angus,Schmidt,rosalinda@auer.name,(965) 980-4345 x00230,18,2018-01-29 13:49:16.973762,2018-04-23 13:49:16.974401,2018-04-23 13:49:16.974401
fizz,377,Orion,Bednar,clair@smitham.name,265.540.4874 x10177,27,2018-01-29 13:49:16.976099,2018-04-23 13:49:16.976719,2018-04-23 13:49:16.976719
fizz,378,Kaylin,Shanahan,jerome_green@mrazwest.io,1-161-437-0441 x5963,18,2018-04-15 13:49:16.978376,2018-04-23 13:49:16.978953,2018-04-23 13:49:16.978953
fizz,379,Augusta,Schamberger,kieran@wymanokuneva.com,(110) 329-7801,51,2018-02-26 13:49:16.980601,2018-04-23 13:49:16.981175,2018-04-23 13:49:16.981175
fizzbuzz,380,Chelsey,Robel,retta@purdy.info,125.873.4496 x6717,30,2018-01-14 13:49:16.982857,2018-04-23 13:49:16.983456,2018-04-23 13:49:16.983456
fizz,381,Corine,Luettgen,frankie@kulas.com,1-750-044-6043 x28305,24,2018-03-15 13:49:16.985465,2018-04-23 13:49:16.986145,2018-04-23 13:49:16.986145
32,382,Fay,Zemlak,katlynn@lowegoldner.name,830-652-2490 x71106,32,2018-02-24 13:49:16.987905,2018-04-23 13:49:16.988552,2018-04-23 13:49:16.988552
73,383,Hilda,Conn,conrad@bode.net,(291) 601-3594,73,2018-01-18 13:49:16.990333,2018-04-23 13:49:16.991009,2018-04-23 13:49:16.991009
67,384,Johanna,Kerluke,lucas@hilll.io,1-741-140-9343 x19319,67,2018-02-12 13:49:16.992779,2018-04-23 13:49:16.993423,2018-04-23 13:49:16.993423
fizz,385,Katheryn,Pagac,selena@waters.io,(469) 931-3558 x874,66,2018-02-18 13:49:16.995397,2018-04-23 13:49:16.996187,2018-04-23 13:49:16.996187
fizzbuzz,386,Ubaldo,Quigley,devon.welch@connelly.org,1-209-740-4037,15,2018-04-14 13:49:16.998114,2018-04-23 13:49:16.998726,2018-04-23 13:49:16.998726
fizz,387,Barry,Kohler,connor_crist@hilll.name,274.093.3136,21,2018-02-10 13:49:17.000673,2018-04-23 13:49:17.001323,2018-04-23 13:49:17.001323
fizz,388,Elda,Murazik,aracely@monahan.com,1-992-225-1037 x62956,63,2018-02-04 13:49:17.003125,2018-04-23 13:49:17.003767,2018-04-23 13:49:17.003767
61,389,Bertram,Boehm,pauline@haag.biz,1-365-628-2769 x4417,61,2018-03-27 13:49:17.005415,2018-04-23 13:49:17.006026,2018-04-23 13:49:17.006026
26,390,Carolina,Will,hudson_wilderman@kuhlman.co,1-782-481-5468 x7242,26,2018-02-13 13:49:17.007691,2018-04-23 13:49:17.008268,2018-04-23 13:49:17.008268
fizz,391,Abraham,Quitzon,mae_thiel@carter.com,729-363-0790,18,2018-03-05 13:49:17.010106,2018-04-23 13:49:17.010815,2018-04-23 13:49:17.010815
fizz,392,Shaylee,Ryan,isidro@beattystrosin.io,312.860.2363 x127,54,2018-04-01 13:49:17.012605,2018-04-23 13:49:17.013258,2018-04-23 13:49:17.013258
buzz,393,Solon,Toy,deven@moore.co,1-301-827-7636 x6672,25,2018-04-03 13:49:17.015045,2018-04-23 13:49:17.015705,2018-04-23 13:49:17.015705
38,394,Cayla,Kunde,kraig_klein@weinat.info,636-041-9001 x7001,38,2018-03-04 13:49:17.017452,2018-04-23 13:49:17.018147,2018-04-23 13:49:17.018147
46,395,Rachelle,Goldner,delia@abshire.io,1-951-618-2138 x7896,46,2018-02-27 13:49:17.019975,2018-04-23 13:49:17.020613,2018-04-23 13:49:17.020613
fizz,396,Keaton,Medhurst,oscar.wisozk@stehr.name,733.018.1075 x21392,66,2018-03-19 13:49:17.022458,2018-04-23 13:49:17.023159,2018-04-23 13:49:17.023159
22,397,Perry,Carter,helmer@beer.net,(644) 273-0171 x547,22,2018-03-25 13:49:17.024893,2018-04-23 13:49:17.025492,2018-04-23 13:49:17.025492
38,398,Yasmeen,Harvey,thaddeus.leffler@koepp.com,237.921.5768 x2273,38,2018-02-05 13:49:17.027157,2018-04-23 13:49:17.027756,2018-04-23 13:49:17.027756
fizzbuzz,399,Leta,Kertzmann,kayley_gleason@grantreichert.co,399.092.8634,15,2018-01-20 13:49:17.029408,2018-04-23 13:49:17.030007,2018-04-23 13:49:17.030007
53,400,Alf,Hauck,noemi@hills.net,(343) 621-5354,53,2018-02-12 13:49:17.031725,2018-04-23 13:49:17.032315,2018-04-23 13:49:17.032315
fizz,401,Kayleigh,Brown,denis_waters@hirthe.info,1-662-231-1108 x422,24,2018-01-21 13:49:17.03408,2018-04-23 13:49:17.034751,2018-04-23 13:49:17.034751
fizz,402,Jacques,Auer,roma@cruickshank.net,507.590.9175 x26701,63,2018-02-15 13:49:17.036603,2018-04-23 13:49:17.037312,2018-04-23 13:49:17.037312
74,403,Maia,O'Keefe,hailie@marquardt.co,1-371-931-5887 x97187,74,2018-03-13 13:49:17.039109,2018-04-23 13:49:17.039795,2018-04-23 13:49:17.039795
58,404,Herman,Sawayn,meredith_kerluke@pollichrenner.io,680.709.5576 x460,58,2018-02-01 13:49:17.041541,2018-04-23 13:49:17.042186,2018-04-23 13:49:17.042186
fizz,405,Axel,Baumbach,lela@witting.net,800.624.4020 x76971,66,2018-03-10 13:49:17.04392,2018-04-23 13:49:17.044544,2018-04-23 13:49:17.044544
19,406,Alberta,Mertz,layne.sipes@gutmann.com,772.034.3127 x995,19,2018-04-04 13:49:17.046655,2018-04-23 13:49:17.047397,2018-04-23 13:49:17.047397
buzz,407,Brice,Moen,kristian@blanda.net,619.828.6559,65,2018-01-29 13:49:17.049513,2018-04-23 13:49:17.050172,2018-04-23 13:49:17.050172
buzz,408,Rubie,Emard,markus.jast@blanda.org,760.471.8683,25,2018-02-16 13:49:17.051953,2018-04-23 13:49:17.052629,2018-04-23 13:49:17.052629
fizz,409,Coy,Pouros,dayna@kochhyatt.co,1-907-822-6240 x779,27,2018-02-17 13:49:17.054968,2018-04-23 13:49:17.05592,2018-04-23 13:49:17.05592
buzz,410,Kameron,Kunze,danyka.purdy@friesen.co,520.417.0908 x225,20,2018-01-18 13:49:17.058038,2018-04-23 13:49:17.058997,2018-04-23 13:49:17.058997
fizzbuzz,411,Reese,D'Amore,isac_ankunding@kuphal.co,850-178-7531,15,2018-03-10 13:49:17.061118,2018-04-23 13:49:17.062062,2018-04-23 13:49:17.062062
49,412,Yoshiko,Boyle,shanie.monahan@schinnerko.net,116.706.4709 x31939,49,2018-03-06 13:49:17.063852,2018-04-23 13:49:17.064523,2018-04-23 13:49:17.064523
59,413,Robin,Lang,elena@lakin.name,(596) 871-8138 x45836,59,2018-01-28 13:49:17.066378,2018-04-23 13:49:17.067034,2018-04-23 13:49:17.067034
46,414,Lou,Simonis,josephine.romaguera@klockogleichner.biz,167.856.6617,46,2018-01-18 13:49:17.068901,2018-04-23 13:49:17.069617,2018-04-23 13:49:17.069617
fizz,415,Layne,Rice,michale.renner@schroeder.io,(433) 741-3011,24,2018-01-25 13:49:17.071498,2018-04-23 13:49:17.072179,2018-04-23 13:49:17.072179
fizz,416,Preston,Schinner,jordane_altenwerth@rippin.net,357.295.0011 x927,51,2018-03-06 13:49:17.074075,2018-04-23 13:49:17.074833,2018-04-23 13:49:17.074833
53,417,Ignacio,DuBuque,fannie_runolfon@schulistanderson.com,424-662-8654 x5544,53,2018-02-14 13:49:17.076903,2018-04-23 13:49:17.077693,2018-04-23 13:49:17.077693
34,418,Cleveland,Rogahn,leopold@douglas.com,321-975-9013,34,2018-01-14 13:49:17.079722,2018-04-23 13:49:17.080426,2018-04-23 13:49:17.080426
62,419,Vidal,Wehner,vickie.wuckert@effertz.info,1-443-091-4176,62,2018-02-07 13:49:17.082223,2018-04-23 13:49:17.082869,2018-04-23 13:49:17.082869
67,420,Myrtle,Ruecker,bartholome@boylekuhn.co,707.574.2403,67,2018-04-04 13:49:17.084609,2018-04-23 13:49:17.085265,2018-04-23 13:49:17.085265
38,421,Wilhelmine,Dibbert,jimmy.moore@jerde.co,408-895-9563 x1329,38,2018-03-30 13:49:17.087041,2018-04-23 13:49:17.087674,2018-04-23 13:49:17.087674
34,422,Garnett,Russel,vinnie@dicki.name,1-233-455-9797 x7038,34,2018-03-20 13:49:17.089357,2018-04-23 13:49:17.089961,2018-04-23 13:49:17.089961
26,423,Lela,Pagac,tanya@kiehnmueller.name,(146) 634-6705 x5649,26,2018-03-02 13:49:17.091655,2018-04-23 13:49:17.092262,2018-04-23 13:49:17.092262
fizz,424,Adriel,Cruickshank,jerel_gusikowski@sporer.name,191.678.6545 x50675,54,2018-03-19 13:49:17.093932,2018-04-23 13:49:17.094522,2018-04-23 13:49:17.094522
fizz,425,Pedro,Carroll,karlee@abernathykoch.net,(168) 138-4024,54,2018-02-05 13:49:17.096172,2018-04-23 13:49:17.096763,2018-04-23 13:49:17.096763
46,426,Sunny,Bosco,suzanne@macgyverharber.io,(899) 413-7665 x8211,46,2018-03-17 13:49:17.098391,2018-04-23 13:49:17.099027,2018-04-23 13:49:17.099027
fizz,427,Carissa,Berge,zita@luettgenbreitenberg.net,950.580.8109 x4678,63,2018-03-30 13:49:17.100713,2018-04-23 13:49:17.101315,2018-04-23 13:49:17.101315
fizzbuzz,428,Van,Von,blanca@dicki.net,284.578.2638 x3265,30,2018-04-17 13:49:17.103064,2018-04-23 13:49:17.10377,2018-04-23 13:49:17.10377
fizz,429,Pinkie,Kovacek,edward@stammdach.name,115.449.0390 x29466,18,2018-02-10 13:49:17.105653,2018-04-23 13:49:17.106309,2018-04-23 13:49:17.106309
buzz,430,Jaida,Ziemann,marley@okon.info,690-992-2010 x9509,55,2018-01-31 13:49:17.108042,2018-04-23 13:49:17.108678,2018-04-23 13:49:17.108678
43,431,Edd,Mohr,deven@kertzmann.biz,548-571-0146,43,2018-01-20 13:49:17.110494,2018-04-23 13:49:17.111151,2018-04-23 13:49:17.111151
67,432,Phoebe,Adams,micaela_hoppe@harber.biz,1-763-616-8969 x6666,67,2018-02-02 13:49:17.112887,2018-04-23 13:49:17.113523,2018-04-23 13:49:17.113523
fizz,434,Sage,Gulgowski,mateo.nikolaus@keebler.com,(386) 979-9500,57,2018-01-30 13:49:17.11771,2018-04-23 13:49:17.118472,2018-04-23 13:49:17.118472
22,435,Yessenia,Huels,alverta@reingerhintz.com,223-848-2777,22,2018-04-20 13:49:17.120321,2018-04-23 13:49:17.120955,2018-04-23 13:49:17.120955
fizz,436,Ottilie,Davis,chance@lebsackrunolfsdottir.org,123.980.1465,63,2018-01-24 13:49:17.1227,2018-04-23 13:49:17.123305,2018-04-23 13:49:17.123305
buzz,437,Larry,Quigley,joseph@wilkinsondurgan.com,(256) 358-9880 x5568,35,2018-03-09 13:49:17.124974,2018-04-23 13:49:17.125576,2018-04-23 13:49:17.125576
64,438,Arnold,Weber,melvin_dooley@hegmann.com,156-056-9270 x6349,64,2018-04-09 13:49:17.127223,2018-04-23 13:49:17.12782,2018-04-23 13:49:17.12782
46,439,Johnpaul,Feil,reina@adams.name,952-060-7795 x313,46,2018-04-10 13:49:17.129472,2018-04-23 13:49:17.130186,2018-04-23 13:49:17.130186
43,440,Arianna,Schmeler,kathlyn@ratke.net,403.356.9377 x914,43,2018-02-27 13:49:17.132096,2018-04-23 13:49:17.132866,2018-04-23 13:49:17.132866
43,441,Lorenz,Cummerata,marquise@hartmannfadel.info,1-255-208-9570 x9440,43,2018-04-04 13:49:17.134869,2018-04-23 13:49:17.135604,2018-04-23 13:49:17.135604
buzz,442,Daphne,Davis,lizeth@gutkowski.io,246.910.8895,70,2018-02-12 13:49:17.137439,2018-04-23 13:49:17.1381,2018-04-23 13:49:17.1381
73,443,Jayme,Kilback,ellen.borer@bergstrom.io,352.740.0667,73,2018-02-20 13:49:17.139859,2018-04-23 13:49:17.140499,2018-04-23 13:49:17.140499
28,444,Rolando,Roob,santos_dach@wolff.info,905-839-1914,28,2018-04-15 13:49:17.142252,2018-04-23 13:49:17.142864,2018-04-23 13:49:17.142864
fizz,445,Litzy,Schinner,dominic@lubowitz.co,685-583-2904,48,2018-04-18 13:49:17.144567,2018-04-23 13:49:17.145185,2018-04-23 13:49:17.145185
41,446,Franco,Wiza,brandy@kreiger.biz,752-628-9802 x9279,41,2018-02-22 13:49:17.146864,2018-04-23 13:49:17.147477,2018-04-23 13:49:17.147477
38,447,Weston,Wuckert,joan.keeling@cremin.net,804.146.6942,38,2018-04-23 13:49:17.14916,2018-04-23 13:49:17.149767,2018-04-23 13:49:17.149767
fizz,448,Camylle,Wiza,hanna@kutchgraham.io,470-622-0837 x9549,57,2018-04-12 13:49:17.151516,2018-04-23 13:49:17.152205,2018-04-23 13:49:17.152205
fizz,449,Melvin,Roob,orpha@brekkeratke.info,1-998-461-2966 x6854,18,2018-03-28 13:49:17.154031,2018-04-23 13:49:17.154692,2018-04-23 13:49:17.154692
fizzbuzz,450,Darien,Carroll,allen.keebler@bernierhettinger.com,369.580.9155 x06090,30,2018-01-19 13:49:17.156512,2018-04-23 13:49:17.157191,2018-04-23 13:49:17.157191
43,451,Dolly,Roberts,katrine@schmidt.biz,890.355.1920 x15099,43,2018-03-09 13:49:17.159095,2018-04-23 13:49:17.159799,2018-04-23 13:49:17.159799
28,452,Maurice,Funk,lorenz_turcotte@konopelski.co,1-148-362-0258 x7724,28,2018-03-12 13:49:17.161875,2018-04-23 13:49:17.16256,2018-04-23 13:49:17.16256
fizz,453,Daren,Jast,jalyn@jerde.org,476-812-7653 x40871,18,2018-04-10 13:49:17.164332,2018-04-23 13:49:17.164972,2018-04-23 13:49:17.164972
43,454,Calista,McDermott,zoila@millsturcotte.info,1-695-083-3444,43,2018-01-18 13:49:17.166617,2018-04-23 13:49:17.167249,2018-04-23 13:49:17.167249
buzz,455,Vito,Beer,paige_hudson@bruenmurray.biz,373-547-0482 x1493,55,2018-02-08 13:49:17.17625,2018-04-23 13:49:17.176957,2018-04-23 13:49:17.176957
buzz,456,Tierra,Bartoletti,marge@ondrickaturner.biz,1-976-942-8429 x567,50,2018-03-06 13:49:17.178682,2018-04-23 13:49:17.179299,2018-04-23 13:49:17.179299
47,457,Halie,Murphy,ulices@collinstromp.org,614.772.6800,47,2018-04-19 13:49:17.180926,2018-04-23 13:49:17.181528,2018-04-23 13:49:17.181528
fizzbuzz,458,Joy,Halvorson,matilde_windler@mosciski.org,385.135.2236,15,2018-04-14 13:49:17.18314,2018-04-23 13:49:17.183741,2018-04-23 13:49:17.183741
53,459,Simone,Hilll,darrick@abernathy.biz,773.896.6996,53,2018-02-26 13:49:17.185387,2018-04-23 13:49:17.186099,2018-04-23 13:49:17.186099
fizz,460,Giles,Stiedemann,ambrose@baumbachmosciski.com,692-309-5072,48,2018-04-08 13:49:17.187878,2018-04-23 13:49:17.188638,2018-04-23 13:49:17.188638
fizz,461,Raina,Willms,jonatan@spinka.co,1-566-360-3364,63,2018-03-04 13:49:17.190581,2018-04-23 13:49:17.191242,2018-04-23 13:49:17.191242
34,462,Corene,Conn,libby.casper@hicklehyatt.org,1-637-547-1004 x6001,34,2018-04-15 13:49:17.192931,2018-04-23 13:49:17.193521,2018-04-23 13:49:17.193521
52,463,Danielle,Pacocha,savanah@reilly.org,(744) 769-3890,52,2018-04-14 13:49:17.19531,2018-04-23 13:49:17.195907,2018-04-23 13:49:17.195907
56,464,Daren,Koelpin,chyna_waelchi@fay.biz,212-806-0858,56,2018-03-05 13:49:17.197587,2018-04-23 13:49:17.19818,2018-04-23 13:49:17.19818
fizz,465,Elmo,Weissnat,eunice@mclaughlin.io,1-468-061-3770 x7499,72,2018-01-25 13:49:17.199857,2018-04-23 13:49:17.200533,2018-04-23 13:49:17.200533
44,466,Oswaldo,Lang,teresa@hyatt.net,1-239-968-6643 x230,44,2018-02-22 13:49:17.20231,2018-04-23 13:49:17.202965,2018-04-23 13:49:17.202965
46,467,Demond,Mayer,kelsi.wisozk@corwin.info,1-144-322-3823 x2136,46,2018-04-15 13:49:17.204654,2018-04-23 13:49:17.205267,2018-04-23 13:49:17.205267
buzz,468,Kenneth,Macejkovic,otha_pouros@gorczany.io,995.425.1702 x52508,25,2018-01-26 13:49:17.206898,2018-04-23 13:49:17.2075,2018-04-23 13:49:17.2075
fizz,469,Mohammed,Ryan,jedediah@koelpin.io,320.460.5145 x84611,66,2018-04-10 13:49:17.209138,2018-04-23 13:49:17.209711,2018-04-23 13:49:17.209711
37,470,Viva,Ward,gladyce.cruickshank@leuschkemcglynn.io,1-799-553-4542,37,2018-03-09 13:49:17.211403,2018-04-23 13:49:17.211977,2018-04-23 13:49:17.211977
28,471,Adonis,Carroll,tre@runolfon.org,(209) 703-4491,28,2018-04-22 13:49:17.213617,2018-04-23 13:49:17.21424,2018-04-23 13:49:17.21424
fizz,472,Ruth,Mayert,conor_lind@lind.co,796-651-9045,36,2018-04-14 13:49:17.215996,2018-04-23 13:49:17.216715,2018-04-23 13:49:17.216715
61,473,Zaria,Mayer,jasmin@rempel.biz,479-818-2448 x1034,61,2018-01-29 13:49:17.218642,2018-04-23 13:49:17.219379,2018-04-23 13:49:17.219379
fizz,474,Arthur,Wolf,maurice@champlin.info,594.835.1607 x3524,69,2018-02-24 13:49:17.221121,2018-04-23 13:49:17.221806,2018-04-23 13:49:17.221806
53,475,Brant,Bogisich,rodger@streich.com,1-111-133-6575 x97539,53,2018-02-02 13:49:17.22363,2018-04-23 13:49:17.224299,2018-04-23 13:49:17.224299
71,476,Joe,Walker,estella.turner@swifthowell.info,1-210-727-7715,71,2018-03-16 13:49:17.226141,2018-04-23 13:49:17.226823,2018-04-23 13:49:17.226823
32,477,Jeramie,Stroman,mozelle_johns@harvey.com,117.996.5164 x75265,32,2018-04-18 13:49:17.22864,2018-04-23 13:49:17.229271,2018-04-23 13:49:17.229271
73,478,Destany,Hackett,rafaela_roberts@waters.co,778-755-8395 x750,73,2018-01-30 13:49:17.230991,2018-04-23 13:49:17.231589,2018-04-23 13:49:17.231589
buzz,479,Sam,Strosin,lourdes_fisher@schinner.name,(526) 248-0472 x18761,55,2018-03-14 13:49:17.233334,2018-04-23 13:49:17.233939,2018-04-23 13:49:17.233939
buzz,480,Veronica,Orn,vicenta@becker.co,1-708-399-2070 x89321,50,2018-02-10 13:49:17.235714,2018-04-23 13:49:17.23647,2018-04-23 13:49:17.23647
31,481,Cary,Mayert,aglae@schadenherzog.co,191.781.2422 x00536,31,2018-03-13 13:49:17.238285,2018-04-23 13:49:17.238914,2018-04-23 13:49:17.238914
43,482,Lafayette,Herzog,amos@ryananderson.io,271.601.6946,43,2018-04-19 13:49:17.240546,2018-04-23 13:49:17.241161,2018-04-23 13:49:17.241161
buzz,483,Norwood,Schowalter,keaton_turner@boyle.com,(584) 237-2303,70,2018-03-25 13:49:17.242802,2018-04-23 13:49:17.243416,2018-04-23 13:49:17.243416
buzz,485,Coby,Kautzer,lonzo_lockman@quitzon.com,1-621-973-6048,25,2018-04-14 13:49:17.24753,2018-04-23 13:49:17.248103,2018-04-23 13:49:17.248103
68,486,Reid,Hansen,winston_goodwin@bradtkegreenholt.io,(291) 934-9419 x0449,68,2018-02-18 13:49:17.249767,2018-04-23 13:49:17.250408,2018-04-23 13:49:17.250408
17,487,Larissa,Spinka,marta@schmitt.co,1-943-240-8171,17,2018-04-08 13:49:17.252584,2018-04-23 13:49:17.253248,2018-04-23 13:49:17.253248
buzz,488,Verda,Feil,moses@swaniawski.io,1-155-616-5762 x876,65,2018-02-12 13:49:17.255018,2018-04-23 13:49:17.255632,2018-04-23 13:49:17.255632
34,489,Leola,Kling,dylan.bode@nolan.biz,1-228-161-0520,34,2018-03-11 13:49:17.257269,2018-04-23 13:49:17.257888,2018-04-23 13:49:17.257888
buzz,490,Camryn,Effertz,cathrine_hodkiewicz@buckridge.name,689-298-7878 x98687,40,2018-03-04 13:49:17.259523,2018-04-23 13:49:17.260128,2018-04-23 13:49:17.260128
fizz,491,Cassandre,DuBuque,jany.bogan@bergnaum.org,1-208-895-6932 x696,18,2018-01-27 13:49:17.261765,2018-04-23 13:49:17.262336,2018-04-23 13:49:17.262336
buzz,492,Crystel,Gerhold,estelle@krispouros.com,465.425.9066 x6944,25,2018-01-31 13:49:17.263993,2018-04-23 13:49:17.264571,2018-04-23 13:49:17.264571
fizz,493,Trycia,Haag,reece.bins@weinat.name,(947) 730-1193 x108,66,2018-02-23 13:49:17.266221,2018-04-23 13:49:17.26681,2018-04-23 13:49:17.26681
52,494,Viva,Simonis,tina@bosco.info,(162) 258-8259 x18248,52,2018-03-22 13:49:17.26852,2018-04-23 13:49:17.269212,2018-04-23 13:49:17.269212
fizzbuzz,495,Uriel,Smitham,maritza.keebler@smitham.net,(402) 730-4030,30,2018-04-04 13:49:17.271832,2018-04-23 13:49:17.27251,2018-04-23 13:49:17.27251
fizz,496,Lindsey,Welch,penelope_welch@creminlarkin.info,1-476-249-9924 x001,42,2018-04-04 13:49:17.274243,2018-04-23 13:49:17.274888,2018-04-23 13:49:17.274888
buzz,497,Haley,Mitchell,lisette.marks@gaylord.biz,368.703.6405,40,2018-01-19 13:49:17.276608,2018-04-23 13:49:17.277279,2018-04-23 13:49:17.277279
26,498,Ward,Hilll,robin.langworth@roberts.name,1-500-515-4784 x730,26,2018-02-08 13:49:17.279018,2018-04-23 13:49:17.279853,2018-04-23 13:49:17.279853
fizz,499,Dandre,Reilly,alize_doyle@schowalter.net,389-855-0988,42,2018-04-14 13:49:17.28171,2018-04-23 13:49:17.282332,2018-04-23 13:49:17.282332
fizz,500,Westley,Hermann,rocio@gorczany.org,(228) 196-4233 x338,27,2018-04-07 13:49:17.284016,2018-04-23 13:49:17.28466,2018-04-23 13:49:17.28466
fizz,171,ravi,Roob,tanya@kutch.inf,360-421-6478 x22304,42,2018-02-23 13:49:16.46654,2018-04-23 13:49:16.467126,2018-04-23 13:49:16.467126
fizz,363,Elinore,Medhurst,elroy.renner@koch.name,542.982.0946 x867,72,2020-02-19 00:00:00,2018-04-23 13:49:16.94355,2018-04-23 13:49:16.94355
59,433,Elinore,Kozey,karl@conroyheller.name,(601) 491-3460,59,2020-02-19 00:00:00,2018-04-23 13:49:17.115949,2018-04-23 13:49:17.115949
19,484,Elinore,Carter,tyler_hettinger@kautzer.org,740.812.1704,19,2020-02-19 00:00:00,2018-04-23 13:49:17.245874,2018-04-23 13:49:17.245874
